title,type,post_dttm,-1,0,1
"Цены в России за 2024 год выросли на 9,52%",economic,2025-01-15,0.012538652831490225,0.25038408238251936,0.7370772647859904
Лукашенко призвал не тратить инвестиции на «барахло»,economic,2025-01-15,0.01081968227365753,0.8932918120188708,0.09588850570747173
РСПП предложил приоритет выкупа экс-владельцам изъятых активов,economic,2025-01-15,0.018847234409337547,0.7034415248215762,0.2777112407690862
Путин поручил рассмотреть вопрос о сроках давности при деприватизации,economic,2025-01-15,0.009407648198250827,0.8792815001521476,0.11131085164960165
Юристы оценили выгодность ставок НДС для бизнеса на «упрощенке»,economic,2025-01-15,0.00978782111069997,0.09607312672249475,0.8941390521668053
"Мишустин заявил, что Россия смогла адаптироваться к санкциям",economic,2025-01-15,0.012538705994542926,0.11480314597406568,0.8726581480313913
Reuters узнал об остановке более 60 нефтяных танкеров после санкций США,economic,2025-01-14,0.02037926238992426,0.5479303790845172,0.4316903585255584
Bloomberg узнал о срочной скупке нефти Китаем из-за санкций против России,economic,2025-01-14,0.016041637038362512,0.8987532203273971,0.08520514263424042
Власти ужесточат наказание за слив закрытых данных банков и таможни,economic,2025-01-13,0.02025997874639942,0.6505952691649276,0.32914475208867305
Куда и сколько качает газа попавшая под атаку БПЛА ВСУ станция «Русская»,economic,2025-01-13,0.008822289656101134,0.9422873733466061,0.04889033699729279
ЦБ исключил заморозку вкладов для борьбы с инфляцией,economic,2025-01-13,0.013215998629703032,0.14196853655577288,0.8448154648145242
Товарооборот между Китаем и Россией обновил рекорд,economic,2025-01-13,0.015507438154284618,0.3689174106991474,0.6155751511465679
США увеличили импорт комплектующих для самолетов из России,economic,2025-01-13,0.0063258231818605825,0.9304002883145063,0.0632738885036331
Аналитики назвали лидирующий сектор по росту средних зарплат,economic,2025-01-13,0.012753667915505916,0.07486274992112502,0.9123835821633691
Британский химический гигант предупредил о гибели промышленности страны,economic,2025-01-13,0.022971135958549337,0.6012479785795116,0.375780885461939
Власти Китая начали платить по долгам квартирами,economic,2025-01-13,0.009194239541041727,0.9241010429448305,0.06670471751412761
Росстат оценил разрыв в зарплатах мужчин и женщин в России,economic,2025-01-12,0.01431309449645501,0.28585531780161616,0.6998315877019289
США увеличили импорт шоколада и какао-продуктов из России в три раза,economic,2025-01-12,0.006198187347391117,0.9298704245568082,0.06393138809580051
"WSJ узнала об экспорте Ираном нефти, переданной КНР на хранение в 2018-м",economic,2025-01-12,0.009687201150762987,0.11087775596856356,0.8794350428806735
Азербайджан приостановил поставки газа в Сербию,economic,2025-01-11,0.011137160942734797,0.9190374736111063,0.06982536544615894
ЦБ опустил официальный курс доллара ниже ₽103,economic,2025-01-15,0.015617768946929768,0.3480138283126997,0.6363684027403705
Минфин занял менее ₽10 млрд на первом в 2025 году аукционе гособлигаций,economic,2025-01-15,0.011935383596375497,0.8569301245179123,0.13113449188571216
Нацбанк Казахстана связал слабость тенге с антироссийскими санкциями,economic,2025-01-15,0.014480169949103281,0.08975785605300042,0.8957619739978963
Совкомбанк снизил максимальные ставки по ряду вкладов,economic,2025-01-15,0.010875134751944253,0.8617574442832285,0.1273674209648271
Количество частных инвесторов на Мосбирже превысило 35 млн человек,economic,2025-01-15,0.007605566838670493,0.06398454355717405,0.9284098896041555
"Как оплатить по QR-коду, начисляется ли кешбэк и как вернуть такую оплату",economic,2025-01-15,0.02488777002429374,0.6059183372207014,0.3691938927550048
Госдума одобрила введение периода охлаждения по кредитам для физлиц,economic,2025-01-15,0.023913412118062798,0.5481248835235534,0.4279617043583839
«Финам» назвал акции с наибольшим потенциалом роста на 2025 год,economic,2025-01-15,0.007447849883559784,0.024796227356174153,0.967755922760266
Глава Ростова-на-Дону подал в отставку,political,2025-01-28,0.007254909815101215,0.9427330239201751,0.050012066264723536
Акции ВК выросли на новости о регистрации Банком России акций Skillbox,economic,2025-01-15,0.014093946708890201,0.03161472164646296,0.954291331644647
Курс доллара в 2025 году: было ли разминкой ослабление рубля в 2024-м,economic,2025-01-15,0.011926714278372842,0.17679322437631106,0.8112800613453162
"Индекс Мосбиржи, акции «Русала», российская валюта: дайджест инвестора",economic,2025-01-15,0.007217469051012283,0.06684913122574815,0.9259333997232395
Ставки заимствования по юаням стали отрицательными из-за профицита валюты,economic,2025-01-15,0.021311250065834914,0.6247978029077395,0.3538909470264257
Средняя ставка по вкладам в топ-10 банков снизилась впервые за два месяца,economic,2025-01-14,0.008957943730506502,0.07412472227198844,0.916917333997505
«Велес Капитал» назвал акции с наибольшим потенциалом роста на I квартал,economic,2025-01-14,0.012566210083864158,0.04783826737096298,0.9395955225451729
Инвесторы пожаловались на сложности с доступом в приложения брокеров,economic,2025-01-14,0.010729260405921337,0.8888995888025858,0.10037115079149303
"Сербия на фоне санкций США не будет национализировать ""Нефтяную индустрию""",economic,2025-01-15,0.014192626961563109,0.14923342906840864,0.8365739439700283
Посол Белоруссии Рогожник: товарооборот России и Белоруссии за год вырос на 105%,economic,2025-01-15,0.006770577090220105,0.8905216398874376,0.10270778302234224
"Росстат: инфляция в России в 2024 году составила 9,52%",economic,2025-01-15,0.010218673191533675,0.2090697778740517,0.7807115489344146
"Росстат: в России с начала года подорожала водка, сосиски и макароны подешевели",economic,2025-01-15,0.010184729738983623,0.191105111288895,0.7987101589721213
Минфин США частично разрешил операции с девятью российскими банками,economic,2025-01-15,0.008136616003883466,0.13122976922609786,0.8606336147700185
"Минфин США: под санкции попали 16 физлиц, АО ""Военторг"" и еще десятки компаний",economic,2025-01-15,0.009827476841532424,0.9237054914655314,0.06646703169293625
Глава НБМ Драгу: Молдавия в 2025 году может столкнуться с двузначной инфляцией,economic,2025-01-15,0.006453967768696015,0.9303387668302924,0.06320726540101165
"""АвтоВАЗ"" рассматривает запуск отдельного бренда для коммерческих автомобилей",economic,2025-01-15,0.02337865910693718,0.47455763904650755,0.5020637018465552
Никишина: продукция российского АПК пользуется большим спросом во Вьетнаме,economic,2025-01-15,0.007400119516429787,0.05283006072838834,0.9397698197551818
"""Союзцемент"": биржа не поможет сдержать рост цен на стройматериалы",economic,2025-01-15,0.011957216909107879,0.15153890397200956,0.8365038791188826
Председатель правительства Запорожской области Ирина Гехт покинула пост,political,2025-01-15,0.023614719795535175,0.6376219874369182,0.3387632927675467
"Глава МИД Ирана: Москва и Тегеран будут сотрудничать в космосе, ИИ и медицине",political,2025-01-15,0.0061639995619323824,0.9543350811749474,0.039500919263120264
"Верховный суд ликвидировал партию ""Гражданская Сила"" по иску Минюста",political,2025-01-15,0.016847987340002563,0.7920867688184887,0.19106524384150875
Аракчи назвал укрепление сотрудничества с Россией важным аспектом договора,political,2025-01-15,0.009911814245518388,0.06470843024190653,0.925379755512575
Балицкий: врио главы Энергодара после ухода Сеновоза станет Максим Пухов,political,2025-01-15,0.011779394282317559,0.895256396064412,0.09296420965327046
Песков назвал переговоры с Туадерой первыми международными переговорами Путина,political,2025-01-15,0.01991372609298157,0.9552751051222901,0.024811168784728523
"Песков: РФ и ЦАР развивают отношения во всех сферах, включая безопасность",political,2025-01-15,0.009726154387744131,0.9376173295113139,0.05265651610094191
Глава Энергодара Сеновоз покинул свой пост ради новых задач,political,2025-01-15,0.011262361018853216,0.8479664587535966,0.14077118022755017
"Лихачев сравнил санкции США против руководства ""Росатома"" с наградным листом",political,2025-01-15,0.012966470538918877,0.937232224357249,0.049801305103832266
РФ и Вьетнам выступили против вмешательства во внутренние дела суверенных стран,political,2025-01-15,0.01165384928243199,0.9267103465374616,0.061635804180106335
РФ и Вьетнам договорились продолжить совершенствовать двусторонние отношения,political,2025-01-15,0.012129551712956474,0.12500037525145943,0.8628700730355842
Президент Вьетнама Кыонг поздравил Россию с успехами в президентство Путина,political,2025-01-15,0.006785386633526729,0.1103987792259476,0.8828158341405257
Мишустин: Россия и Вьетнам имеют большой потенциал для развития отношений,political,2025-01-15,0.005408751029014966,0.05518267729352698,0.939408571677458
Лавров и вице-спикер парламента Словакии Данко обсудили конфликт на Украине,political,2025-01-14,0.8503329889468738,0.10401397723734299,0.04565303381578317
Матвиенко: прекращение сотрудничества России и ЕС произошло не по вине Москвы,political,2025-01-14,0.014506972395905099,0.1819958109904352,0.8034972166136597
Глава администрации Ростова-на-Дону Логвиненко опроверг информацию об отставке,political,2025-01-14,0.004258097252532147,0.9752164129511265,0.0205254897963413
"Володин заявил, что некоторые министерства подходят к работе недобросовестно",political,2025-01-14,0.010054869684935519,0.9037396725174418,0.08620545779762272
В Госдуме началось первое пленарное заседание весенней сессии,political,2025-01-14,0.009316105941338446,0.9153699050147424,0.07531398904391906
"Володин сообщил, что обсудил с Путиным планы работы Госдумы в весеннюю сессию",political,2025-01-14,0.005259653633056876,0.9712000901123516,0.023540256254591583
Песков: переговоры Путина и президента Ирана Пезешкиана пройдут в Кремле,political,2025-01-14,0.006369118272168746,0.9685606829409681,0.025070198786863
Рубио заявил о неизбежности уступок в переговорах с Киевом о НАТО,political,2025-01-15,0.029271835752358703,0.9369542525930683,0.033773911654572955
Премьер Катара объявил о прекращении огня в секторе Газа с 19 января,political,2025-01-15,0.015341155730914118,0.8799803232506377,0.10467852101844817
"Трамп заявил, что добьется мира на Ближнем Востоке через силу",political,2025-01-15,0.005420589708866666,0.9559541047067126,0.03862530558442086
ЦАХАЛ объявила о подготовке к приему освобожденных из Газы заложников,political,2025-01-15,0.025009458319191658,0.32953130879591463,0.6454592328848937
SCMP узнал об отказе дочери Трампа и ее мужа переехать в Белый дом,political,2025-01-15,0.007121522546125923,0.9475719460270616,0.0453065314268126
NYT оценила эффект от закрытия «экономической артерии» на Украине,political,2025-01-15,0.042019458406944946,0.08526140570592414,0.872719135887131
Гладков сообщил о повреждениях при обстреле села Тишанка,political,2025-01-15,0.7073746069815539,0.19072719132184057,0.10189820169660559
Губернатор рассказал об эффективности дрона с оптоволоконной связью,political,2025-01-15,0.02589347904564291,0.7445966690310817,0.22950985192327544
"Кандидат в госсекретари США заявил, что «у Киева кончаются украинцы»",political,2025-01-15,0.012159374638892618,0.9476261124775744,0.04021451288353294
В Будапеште рассказали о планах Орбана на день инаугурации Трампа,political,2025-01-15,0.002419911198976529,0.9843983139494232,0.013181774851600379
Зеленский подписал закон о базовой военной службе вместо срочной,political,2025-01-15,0.012403231923121037,0.9400982043146633,0.04749856376221559
Балицкий сообщил об увольнении главы правительства Запорожской области,political,2025-01-15,0.008133720811532408,0.9663122099357511,0.02555406925271654
Трамп анонсировал сделку Израиля и ХАМАС,political,2025-01-15,0.0110855465781012,0.8664975483122237,0.12241690510967508
Израиль заявил о прогрессе в переговорах с ХАМАС,political,2025-01-15,0.016749338816619528,0.9151329127599486,0.06811774842343199
Туск назвал наилучшие гарантии безопасности для Украины после конфликта,political,2025-01-15,0.8303727772467715,0.10145331122016014,0.06817391153306838
Киев отказался от альтернативы членству в НАТО,political,2025-01-15,0.6754367913960883,0.1922014505224933,0.1323617580814185
Эксперты Давосского форума назвали главные риски 2025 года,political,2025-01-15,0.014315332624473692,0.8438409930887223,0.141843674286804
"Фицо предложил наказание для школьника, не пожавшего руку президенту",political,2025-01-15,0.006998512799827204,0.9465509695962278,0.0464505176039452
"Киселев заявил, что не понял, какие его слова задели «армянских братьев»",political,2025-01-15,0.008411357831406592,0.9400556661367832,0.05153297603181008
Импорт Китаем сырой нефти из России стал рекордным в 2024 году,economic,2025-01-20,0.009491723002057171,0.3220794676101554,0.6684288093877875
Власти запланировали создать рынок платной статистики,economic,2025-01-20,0.02086792442815018,0.646818224639645,0.3323138509322047
"Politico узнала, что Трамп подталкивает ЕС к выбору между США и Китаем",economic,2025-01-20,0.0036710474486446464,0.9652850546506037,0.0310438979007518
Китай в 2024 году нарастил закупки нефти и СПГ из России,economic,2025-01-20,0.00655148767270289,0.1234272897059695,0.8700212226213275
В России вступил в силу приказ о скидке 50% на авиабилеты для детей,economic,2025-01-20,0.008338164572604511,0.9123869499496707,0.07927488547772495
В Европе увидели угрозу экономике в возвращении украинских беженцев домой,economic,2025-01-20,0.010569395777108095,0.9304281563846465,0.05900244783824552
Депутат Бессараб напомнила о важности индексации пенсий,economic,2025-01-19,0.022546035263717006,0.6206102146303549,0.35684375010592806
Костин заявил о необходимости «убить» SWIFT,economic,2025-01-19,0.0196407801747421,0.7590381426907328,0.22132107713452512
"Россия втрое уменьшила экспорт овощей, фруктов и орехов в ЕС",economic,2025-01-19,0.008665892179651843,0.08195865394795922,0.9093754538723889
Ефимов рассказал об определении инвесторов для 14 проектов на конкурсах,economic,2025-01-18,0.015325699126125232,0.7398032362374127,0.2448710646364621
"Трамп vs Байден: при ком было лучше доллару, акциям и экономике США",economic,2025-01-18,0.011658533457477126,0.8739118483238437,0.11442961821867925
Минфин США объявил о чрезвычайных мерах против дефолта через три дня,economic,2025-01-18,0.015009797574927602,0.9311474238702317,0.05384277855484074
Россия и Иран согласовали маршрут газопровода через Азербайджан,economic,2025-01-17,0.009325987929100612,0.10883211716948984,0.8818418949014096
Путин призвал к «конкретным делам» в торговле с Ираном,economic,2025-01-17,0.010928423201781123,0.8580932787186488,0.13097829807957015
Глава Приднестровья обратился к Санду из-за газа: «сдержите слово»,economic,2025-01-17,0.00690035046492944,0.951537049204152,0.041562600330918645
Россельхознадзор запретил ввоз продукции животноводства из ЕС из-за ящура,economic,2025-01-17,0.012526368923190869,0.10266567831259144,0.8848079527642178
ЕС импортировал «беспрецедентный объем» российского СПГ,economic,2025-01-17,0.011283499730981991,0.10037344712179438,0.8883430531472235
Акцию по бесплатному проезду электромобилей продлили на 2025 год,economic,2025-01-17,0.013182364251238365,0.10300395496538668,0.883813680783375
Население Китая сократилось третий год подряд,economic,2025-01-17,0.00858940317726584,0.08871089072865242,0.9026997060940818
Сокращение поставок нефти и газа Норвегией связали с «рассветом России»,economic,2025-01-17,0.014803213973638471,0.7508780778716136,0.23431870815474787
ЦБ опустил официальный курс доллара США ниже ₽102,economic,2025-01-20,0.009476444282745421,0.8026967871740058,0.18782676854324878
«Т-Инвестиции» расширили список торгуемых заблокированных бумаг,economic,2025-01-20,0.022111358735862507,0.44462131798883153,0.5332673232753059
"Инаугурация Трампа, индекс Мосбиржи, акции застройщиков: дайджест",economic,2025-01-20,0.007839604418989728,0.8818190954921669,0.11034130008884349
Инвесторы пожаловались властям на налоговые последствия по X5 и «Русагро»,economic,2025-01-20,0.00862582292492172,0.9324168121841895,0.058957364890888854
Самые богатые люди мира: топ-10 миллиардеров на начало 2025 года,economic,2025-01-19,0.005368252951455087,0.054930045187170096,0.9397017018613749
Девальвация: что это и грозит ли она рублю в 2025 году,economic,2025-01-19,0.01659291243509,0.3506131056300112,0.6327939819348989
Дивидендный календарь — 2025: даты выплат по акциям российских компаний,economic,2025-01-19,0.018707335637121084,0.1679852682120708,0.813307396150808
Топ-10 самых высоких ставок по накопительным счетам до 23% годовых,economic,2025-01-18,0.009087570286231585,0.9066562918908535,0.08425613782291475
«Сжатая пружина выстрелит»: как инвестору отыграть инаугурацию Трампа,economic,2025-01-18,0.005574903065706086,0.9486965267264418,0.045728570207852086
Акции застройщиков выросли за день на 15%: почему и что будет дальше,economic,2025-01-17,0.02990499896436336,0.527229422363177,0.44286557867245957
ЦБ повысил официальный курс доллара США и снизил курс евро,economic,2025-01-17,0.00515145369009547,0.9321674318992492,0.06268111441065533
"ЦБ Норвегии начал поиск кандидатов в главы фонда с активами на $1,8 трлн",economic,2025-01-17,0.006343533817493312,0.9597920306931178,0.03386443548938871
Московский кредитный банк снизил ставки по ряду вкладов,economic,2025-01-17,0.010126867339898572,0.13619474354568556,0.8536783891144157
Брокер Райффайзенбанка повысит комиссию за покупку бумаг на бирже до 3%,economic,2025-01-17,0.01906133053797598,0.3046344244293619,0.6763042450326621
Bank of America назвал 7 возможных сюрпризов для инвесторов в 2025 году,economic,2025-01-17,0.012065203933240507,0.08946678868817513,0.8984680073785845
"Нефтегазовые доходы в 2024 году возросли на 26,2 процента, иные выросли на 26,2",economic,2025-01-20,0.014225867051361371,0.15725119500638232,0.8285229379422564
"Нефть дешевеет на 1-1,5% перед инаугурацией Трампа",economic,2025-01-20,0.006026326720597671,0.9445032910384275,0.04947038224097482
Золото подешевело перед началом церемонии инаугурации Трампа,economic,2025-01-20,0.010796419340893206,0.20032295166299913,0.7888806289961077
Эрдоган рассчитывает на переговоры с Путиным по газу для Словакии на этой неделе,economic,2025-01-20,0.011207436228868765,0.960020885521555,0.028771678249576278
Азербайджан возобновил приостановленные 7 января поставки газа в Болгарию,economic,2025-01-20,0.007997720667163928,0.9531551275624659,0.038847151770370125
FT: победа Трампа изменила повестку Всемирного экономического форума в Давосе,economic,2025-01-20,0.005868573674775594,0.9501611575246437,0.043970268800580775
Депутат Полуянова: курс доллара не изменится в связи с инаугурацией Трампа,economic,2025-01-20,0.005333745847123949,0.9468476694705185,0.04781858468235767
Reuters: возвращение Трампа может привести к разморозке западных активов в РФ,economic,2025-01-20,0.008512254763480298,0.9181310412943832,0.07335670394213648
Министр экономического развития ПМР Оболоник: газа в регионе хватит на 11 дней,economic,2025-01-20,0.006045428991715836,0.9401188913643688,0.0538356796439155
Монголия утвердила квоты на импорт животноводческой продукции на 2025 год,economic,2025-01-20,0.01012837493229945,0.11237853980790753,0.877493085259793
После чаепития с четой Байденов в Белом доме Трамп отправится на инаугурацию,political,2025-01-20,0.005393924628968624,0.9587554926653165,0.03585058270571495
Володин предложил подготовить межфракционную инициативу о запрете вейпов,political,2025-01-20,0.009679170417917857,0.8994852947856568,0.0908355347964254
"Путин: Россия исходит из того, что диалог с США будет на равноправной основе",political,2025-01-20,0.005294734112652621,0.9325976120103244,0.06210765387702293
Путин: самое главное в урегулировании на Украине это устранить первопричины,political,2025-01-20,0.03257095873913499,0.9260554369937755,0.04137360426708966
"Путин: власти продолжат бороться за интересы российского народа, это смысл СВО",political,2025-01-20,0.006031666508071187,0.9339105078392902,0.06005782565263844
Путин: Россия никогда не отказывалась от диалога с любой администрацией США,political,2025-01-20,0.0071382706971921265,0.9422591418098409,0.050602587492966915
Путин на заседании с членами Совбеза попросил Лаврова доложить о ситуации в США,political,2025-01-20,0.007457670328170936,0.9213402129340353,0.07120211673779352
Путин предложил членам Совбеза обсудить ситуацию в чувствительных регионах РФ,political,2025-01-20,0.006788799958372127,0.9374453624736607,0.055765837567967144
Путин проводит совещание с членами Совбеза РФ,political,2025-01-20,0.012561275715204425,0.1812816440961515,0.806157080188644
Лавров и глава МИД Армении обсудят двусторонние отношения на встрече 21 января,political,2025-01-20,0.004928928786179164,0.9738274760690495,0.021243595144771327
"Глава МИД Армении отправился с визитом в Москву, где встретится с Лавровым",political,2025-01-20,0.004819663764093209,0.9711213112493747,0.02405902498653218
Политолог Дугин: соглашение с Ираном усилит позиции России в диалоге с США,political,2025-01-20,0.006858684724346524,0.0983620166409969,0.8947792986346566
ABC News: Трамп собрал рекордные 250 млн долларов на инаугурационные мероприятия,political,2025-01-20,0.0167439748542589,0.7103537385952229,0.2729022865505183
Хинштейн возмутился отпуском в Индии курской чиновницы Ирины Мусьял,political,2025-01-20,0.010146733287473415,0.09555554591719778,0.8942977207953288
Володин поручил разработать поправку о праве субъектов определять модель МСУ,political,2025-01-20,0.008595729647118196,0.06479204812603656,0.9266122222268453
"WSJ: речь Трампа на инаугурации будет оптимистичнее, чем перед первым сроком",political,2025-01-20,0.004235972505303195,0.9667482825726446,0.02901574492205218
GT: телефонный разговор Си Цзиньпина и Трампа задал тон отношениям Китая и США,political,2025-01-20,0.0042708875342605795,0.9544141359684265,0.04131497649731283
Навроцкий: упрощенное вступление Украины в ЕС угрожает экономике Польши,political,2025-01-20,0.03581610517247543,0.9151860366784202,0.04899785814910437
«Революция здравого смысла». О чем Трамп говорил в инаугурационной речи,political,2025-01-20,0.009915374715860074,0.2008953262705082,0.7891892990136318
Фицо рассказал Эрдогану о своей встрече с Путиным,political,2025-01-20,0.006849350243936062,0.9372395714683035,0.05591107828776036
"Трамп в инаугурационной речи не упомянул ни Россию, ни Украину",political,2025-01-20,0.038021591917951805,0.8657310506719065,0.09624735741014172
Президенты и миллиардеры на инаугурации Трампа. Фото,political,2025-01-20,0.004552972001312657,0.9618146335001273,0.033632394498559925
Кадры присяги вице-президента США Джей Ди Вэнса,political,2025-01-20,0.007402239916648225,0.9509723495262553,0.04162541055709638
Трамп объявил ЧП в сфере энергетики США,political,2025-01-20,0.016348814140319436,0.6109971037778732,0.3726540820818074
Трамп пообещал вернуть Панамский канал: мы его отдавали не Китаю,political,2025-01-20,0.012943727252969044,0.7880027019058137,0.19905357084121728
Трамп объявил о переименовании Мексиканского залива в Американский,political,2025-01-20,0.011428459557245705,0.09348087320792631,0.895090667234828
США выйдут из Парижского соглашения по климату,political,2025-01-20,0.010229351016345164,0.8945288839222388,0.09524176506141588
Трамп объявил о подготовке миссии США на Марс,political,2025-01-20,0.011172825036287179,0.1471381945309557,0.8416889804327572
Кадры присяги Трампа на пост президента США,political,2025-01-20,0.0035428920760040656,0.9712332267764302,0.02522388114756558
Трамп заявил на инаугурации — «Я миротворец»,political,2025-01-20,0.006603383371621876,0.9461440774472434,0.04725253918113474
"Трамп объявил, что США признают только два гендера",political,2025-01-20,0.011910315400060009,0.16383330333444118,0.8242563812654987
Трамп пообещал объявить наркокартели террористическими организациями,political,2025-01-20,0.013441916129317317,0.14306487942321167,0.8434932044474709
Трамп пообещал «исторические указы» для «революции здравого смысла»,political,2025-01-20,0.009494429370144816,0.8558450777776909,0.1346604928521644
На инаугурацию Трампа пришли три бывших президента,political,2025-01-20,0.005351742480860785,0.964779377623372,0.02986887989576705
Видео с первыми минутами Трампа на должности президента США,political,2025-01-20,0.0033117876799923823,0.9736572993418748,0.023030912978132666
Шварценеггер опроверг слухи об отъезде из США в связи с победой Трампа,political,2025-01-20,0.004352037470819991,0.9675834072701948,0.028064555258985387
Трамп объявил о начале «золотого века Америки»,political,2025-01-20,0.008835868377670688,0.05788591886516557,0.9332782127571637
Промышленный эксперт Хазанов: Трамп будет жестким в отношении экономики России,economic,2025-01-20,0.009964115344077255,0.6352305992601943,0.3548052853957284
"Политолог Давыдова: США, скорее всего, сохранят санкции на энергоресурсы России",economic,2025-01-20,0.013166434130790739,0.16546541324375647,0.8213681526254527
Байден покинул Вашингтон после инаугурации Трампа,political,2025-01-20,0.005899469189083368,0.9529742972060611,0.041126233604855636
На воронежской нефтебазе в Лисках снова возник пожар из-за дрона,political,2025-01-20,0.7527698667790915,0.1354917330717264,0.1117384001491822
Речь Трампа на инаугурации полностью на русском языке. Видео,political,2025-01-20,0.005601627798987286,0.9479012559712023,0.046497116229810474
Новая администрация США закрыла приложение для мигрантов,political,2025-01-20,0.00708147959978941,0.9377240407447108,0.0551944796554998
Зеленский оценил приход к власти Трампа словами о готовности к миру,political,2025-01-20,0.006255917114690529,0.9656279109715672,0.02811617191374219
Bloomberg узнал о возможном закрытии азиатских НПЗ из-за санкций США,economic,2025-01-23,0.010494014320233188,0.1275512791616854,0.8619547065180814
Венгрия предложила Словакии вариант с поставками газа,economic,2025-01-23,0.007815897215674427,0.9661305862934181,0.026053516490907536
Что происходило в торговле России и Китая в 2024 году,economic,2025-01-23,0.007817509402524311,0.1296092924972581,0.8625731981002175
Ефимов анонсировал начало работ на 8 проектах редевелопмента в 2025 году,economic,2025-01-23,0.009738464650757036,0.20184773310548587,0.788413802243757
"ЦБ объяснил, почему инфляция за год разогналась выше прогноза",economic,2025-01-23,0.007378897590833745,0.06727647619592503,0.9253446262132413
Путин назвал успешным 2024 год для российской экономики,economic,2025-01-22,0.015494299543678033,0.14839010933801486,0.8361155911183071
Товарно-сырьевая биржа создаст Национальное биржевое ценовое агентство,economic,2025-01-22,0.009055794549655929,0.07878912139903767,0.9121550840513065
Ефимов рассказал о планах реорганизации части бывшей промзоны «Курьяново»,economic,2025-01-22,0.008124165975955513,0.953343986469856,0.03853184755418847
Путин поручил урегулировать «переезд» компаний из недружественных стран,economic,2025-01-22,0.00838793060437265,0.08973120821413273,0.9018808611814946
Росстат назвал самые подорожавшие продукты за 2024 год,economic,2025-01-22,0.016598778044742947,0.16721838349010118,0.8161828384651559
"В ООН сообщили, что долг США перед организацией составляет $2,8 млрд",economic,2025-01-22,0.010158675692433597,0.947688808942566,0.04215251536500028
«СберИндекс» оценил средние потребительские расходы россиян,economic,2025-01-22,0.013941710291011511,0.08798845867162793,0.8980698310373605
Миллиардер предупредил о грозящей Британии «долговой спирали смерти»,economic,2025-01-21,0.030552278051750807,0.6004969531605615,0.3689507687876877
КС предписал изменить подход к налогам при выходе участника из компании,economic,2025-01-21,0.010563014185233179,0.9066532355092003,0.08278375030556637
Ефимов сообщил о выделении более 20 га в ЗАО на масштабные инвестпроекты,economic,2025-01-21,0.01976028660257048,0.866024758400287,0.11421495499714236
Ефимов сообщил о принятии Москвой 50 решений о редевелопменте в 2024 году,economic,2025-01-21,0.00837757857358516,0.940789300248892,0.05083312117752302
Власти понизили план по инвестициям на фоне высокой ставки,economic,2025-01-21,0.0069884933475790325,0.9367398884294497,0.056271618222971394
Трамп поставил слово «пошлины» в один ряд с любовью и богом,economic,2025-01-21,0.005904933454209752,0.9548461913908137,0.039248875154976416
"Что такое ИСЖ, чем отличается от НСЖ, плюсы и минусы",economic,2025-01-23,0.01524300385616766,0.8511081597839084,0.13364883635992403
ЦБ отметил снижение средней ставки по вкладам в 10 крупнейших банках,economic,2025-01-23,0.007475478420736395,0.06414681504800776,0.9283777065312558
Брокер «Сбера» составил портрет российского инвестора-подростка,economic,2025-01-23,0.008518129344707914,0.08288563899759024,0.9085962316577019
Акции «Софтлайна» упали на 6% после новостей о претензиях кредитора,economic,2025-01-23,0.7025306305952385,0.13873348583756212,0.1587358835671996
«ВТБ Мои Инвестиции» добавили акции «ИКС 5» в топ-10 российских акций,economic,2025-01-23,0.018624522362801134,0.10587906163006094,0.8754964160071379
ЦБ Турции снизил ключевую ставку до 45% годовых,economic,2025-01-23,0.010527938937746438,0.9050706944178911,0.08440136664436258
"Индекс Мосбиржи, акции «Сургутнефтегаза» и ВК: дайджест инвестора",economic,2025-01-23,0.01175517325388116,0.13146181557521847,0.8567830111709004
Индекс S&P 500 обновил исторический рекорд,economic,2025-01-22,0.01962783856201251,0.3024600650361095,0.677912096401878
Почему падает доллар: 7 причин текущего укрепления рубля и прогноз на год,economic,2025-01-22,0.006663554397726029,0.046721406955708276,0.9466150386465656
Официальный курс доллара США упал ниже ₽99 впервые за два месяца,economic,2025-01-22,0.012342665695160137,0.8958683087381109,0.09178902556672912
Что такое страховая пенсия: размер в 2025 году и формула расчета,economic,2025-01-22,0.011385266982169672,0.8448371442525766,0.14377758876525373
Что такое прибыль: что и как влияет на финансовый результат,economic,2025-01-22,0.015292348349171167,0.8506329030879712,0.13407474856285764
Мосбиржа сузит ценовые границы для акций и ОФЗ на утренних торгах,economic,2025-01-22,0.009823115508867473,0.06666536197007009,0.9235115225210625
Товарно-сырьевая биржа запланировала запуск фьючерсов на бензин в феврале,economic,2025-01-22,0.00929504296076631,0.08420736308790028,0.9064975939513334
Товарно-сырьевая биржа заменит непроизносимое СПбМТСБ простыми словами,economic,2025-01-22,0.009628394962540093,0.8867238796591282,0.10364772537833172
Игорь Шувалов: сегодня для предпринимателей открылись новые рыночные ниши,economic,2025-01-23,0.009631379877256463,0.9169863383174435,0.07338228180530018
Путин поручил пересмотреть нормативную базу по морским перевозкам нефти,economic,2025-01-23,0.008130536401216679,0.0965397924703988,0.8953296711283846
Путин попросил экспертов спрогнозировать шаги для технологического прорыва,economic,2025-01-23,0.008893215282145591,0.08647041412711043,0.9046363705907439
Путин призвал предпринимателей к конкретным делам для технологического развития,economic,2025-01-23,0.006606868370019214,0.9340155306113375,0.05937760101864345
Путин призвал настроить механизм техсотрудничества для извлечения выгоды,economic,2025-01-23,0.007763411101743304,0.9383188291742188,0.05391775972403783
Глава ФАС Шаскольский: цены на картофель выросли из-за низкой базы прошлого года,economic,2025-01-23,0.00799600505540753,0.9057079289883719,0.08629606595622055
Путин заявил о важности роста молодежного технологического предпринимательства,economic,2025-01-23,0.009863664485494182,0.1428007287094327,0.8473356068050732
Путин призвал создать инструменты для роста качества жизни в малых городах,economic,2025-01-23,0.00685978061672568,0.9334663158595612,0.05967390352371322
На льготные кредиты аграрному бизнесу в 2025 году направят более 42 млрд рублей,economic,2025-01-23,0.011513345295348004,0.1083293597519302,0.8801572949527218
Песков отметил участие АСИ во многих социально-экономических процессах,economic,2025-01-23,0.011770987756801583,0.16648543082015396,0.8217435814230445
Путин отошел с заседания АСИ из-за международного телефонного разговора,political,2025-01-23,0.010725147456127262,0.16624909818183073,0.8230257543620421
Путин сообщил о планах созвониться с губернатором Новгородской области Никитиным,political,2025-01-23,0.006921195449156548,0.9743808111998116,0.018697993351032012
В ГД направили проект о заморозке средств и имущества причастных к диверсиям,political,2025-01-23,0.011056243331255359,0.894149830890844,0.09479392577790059
"Захарова: Россия откроет посольства в Нигере, Сьерра-Леоне и Южном Судане",political,2025-01-23,0.008093339873317507,0.08410601962633905,0.9078006405003434
Путин: новая стратегия развития АСИ должна учитывать перемены в России и в мире,political,2025-01-23,0.004457877467821265,0.057766186384332306,0.9377759361478464
СБУ заочно предъявила обвинения трем российским генералам и двум полковникам,political,2025-01-23,0.021515326893354586,0.4297052446899112,0.5487794284167342
Ковальчук: России надо быть сверхсильной для защиты своих интересов в Арктике,political,2025-01-23,0.008990689398425216,0.09928445367107598,0.8917248569304987
Немкин: история Несоевой говорит об отсутствии фактчекинга у либеральных СМИ,political,2025-01-23,0.02399966500597764,0.4388669405639465,0.5371333944300759
Песков: Путин и Пашинян во время разговора не обсуждали работу Армении в ОДКБ,political,2025-01-23,0.004514254241210003,0.9619853867177446,0.033500359041045404
Песков: переговоры Путина и Эрдогана могут быть согласованы за считанные часы,political,2025-01-23,0.008579053537049797,0.9583201340578007,0.03310081240514947
Песков: Россия продолжает контакты с Сирией по актуальным вопросам,political,2025-01-23,0.005737076231740651,0.9376139608289588,0.05664896293930066
Песков: Кремль может рассмотреть блогера Фридмана в качестве интервьюера Путина,political,2025-01-23,0.005282966837598118,0.9640095347000569,0.030707498462345016
Песков: Путин посчитал целесообразным поздравить Трампа с инаугурацией,political,2025-01-23,0.002587640409104526,0.9831410204512865,0.014271339139609046
Песков: Путин в четверг проведет международный телефонный разговор,political,2025-01-23,0.0072267287969361655,0.9089108912414339,0.08386237996163007
"Якушев: для депутатов, которые пройдут в Госдуму в 2026 году, введут новый KPI",political,2025-01-23,0.011308354860184203,0.06768785566433527,0.9210037894754806
Якушев: Участники СВО войдут в списки Единой России на выборах в Госдуму,political,2025-01-23,0.01497832998425394,0.6054542286790626,0.3795674413366835
"ЦИК Белоруссии: явка за два дня досрочного голосования составила 17,67%",political,2025-01-22,0.007911872832229978,0.9328976049298969,0.05919052223787313
Путин 23 января проведет заседание набсовета АСИ по продвижению новых проектов,political,2025-01-22,0.007081590351095859,0.09341543417451457,0.8995029754743895
Путин 23 января проведет совещание с правительством по надзорной деятельности,political,2025-01-22,0.015167017652007057,0.3134551553286435,0.6713778270193496
Почему Латинская Америка оказалась в фокусе внешней политики Трампа,political,2025-01-23,0.014972391737031564,0.7409031945059283,0.24412441375704
Трамп решил попросить Саудовскую Аравию и ОПЕК снизить цены на нефть,political,2025-01-23,0.007413794064964358,0.9076714136456336,0.08491479228940212
Медведев посетил атакованный ракетами и дронами брянский химзавод,political,2025-01-23,0.028804297182523187,0.7443212096242231,0.22687449319325387
Трамп словами «в процессе» описал усилия по урегулированию на Украине,political,2025-01-23,0.023307448698725447,0.951804940852902,0.02488761044837251
Вице-спикер Думы предложил ввести самозапрет на покупки на маркетплейсах,political,2025-01-23,0.060583146257970504,0.6808171620816943,0.25859969166033525
Правительство Эстонии одобрило законопроект о разрыве связей с РПЦ,political,2025-01-23,0.03216562165183474,0.434866534798462,0.5329678435497033
В Кремле не сочли завершением «отмены» номинацию Борисова на «Оскар»,political,2025-01-23,0.01208738287990984,0.9214523188408094,0.06646029827928074
В Венгрии заявили о невыполнении Украиной требований для вступления в ЕС,political,2025-01-23,0.0370573656645798,0.9219708785997527,0.0409717557356674
Проблемами жителей курского приграничья займется координационный совет,political,2025-01-23,0.0091806866915513,0.9290445062857889,0.06177480702265971
Партия Порошенко заявила о риске «крючка уголовных дел» для военных,political,2025-01-23,0.005861612328366274,0.9634862896128368,0.030652098058796845
Раввин рассказал о судьбе уехавших в Израиль в начале спецоперации евреях,political,2025-01-23,0.009795892061700718,0.08693262134848823,0.903271486589811
Суд на Украине отменил арест обвиняемого в дезертирстве Сергея Гнездилова,political,2025-01-23,0.03750061222113223,0.9038202973536494,0.0586790904252183
Минобороны сообщило об отражении контратаки ВСУ в Курской области,political,2025-01-23,0.009343375759739375,0.9698243574881672,0.020832266752093327
Путин поручил провести ревизию танкерного флота России,political,2025-01-23,0.005958093472189481,0.07578940668257562,0.9182524998452348
"Стало известно, ради какого разговора Путин отошел с заседания",political,2025-01-23,0.010819299575530232,0.8556645289710945,0.13351617145337547
В Морской коллегии назвали преимущество «москитного флота» при гиперзвуке,political,2025-01-23,0.015124232139893876,0.08952528792589313,0.8953504799342129
Захарова анонсировала открытие российских посольств в трех странах,political,2025-01-23,0.013313781270154252,0.7468385605470164,0.23984765818282944
ANSA узнало о планах Трампа вывести из Европы 20 тыс. военных США,political,2025-01-23,0.0019080099953562967,0.98877856911545,0.009313420889193654
Генсек НАТО обрадовался угрозе новых санкций Трампа против России,political,2025-01-23,0.012049362295590125,0.9380306678047768,0.04991996989963312
Путин отошел с заседания из-за международного разговора,political,2025-01-23,0.016753146267022675,0.5662419653983711,0.4170048883346061
Трамп заявил о планах снизить корпоративный налог в США до 15%,economic,2025-01-23,0.001993808548056824,0.9899466637721214,0.008059527679821848
Акции «Распадской» подскочили на 9% на ожиданиях редомициляции «Евраза»,economic,2025-01-23,0.014771959787824826,0.0874990944261204,0.8977289457860548
Официальный курс доллара США вырос почти на ₽1 и превысил ₽99,economic,2025-01-23,0.013447803697258037,0.31568461474509873,0.6708675815576433
Сбербанк предложил отменить тестирование по облигациям-флоатерам,economic,2025-01-23,0.009296785526412794,0.9181870845753403,0.07251612989824699
ФАС назвала публичное заявление о росте цен на авиабилеты недопустимым,economic,2025-01-23,0.012445729572284627,0.9029562680142311,0.08459800241348438
Цены на нефть перешли к снижению на один процент после заявлений Трампа,economic,2025-01-23,0.004925985526578209,0.9590295771316155,0.03604443734180616
Экономист Юшков: ОПЕК не выгодно снижать цены на нефть по призыву Трампа,economic,2025-01-23,0.0043420315521295,0.9653823700267581,0.030275598421112392
"Медведев заявил, что Брянский химзавод работает над выполнением гособоронзаказа",economic,2025-01-23,0.009405039824610351,0.92511359512476,0.06548136505062968
ЦБ Сирии решил заморозить счета связанных с Асадом компаний,political,2025-01-23,0.01632270697537625,0.22511624582603276,0.758561047198591
Суд заблокировал указ Трампа об отмене гражданства по праву рождения,political,2025-01-23,0.009326912784619787,0.13634688143990073,0.8543262057754796
Армения назвала маловероятной разморозку членства в ОДКБ в 2025 году,political,2025-01-23,0.026708491529051227,0.15540096752198265,0.8178905409489661
"Трамп выступил за сокращение ядерных арсеналов России, США и Китая",political,2025-01-23,0.005350809195912869,0.9370357832739635,0.05761340753012365
Politico узнало об обсуждении отправки 50 тыс. миротворцев на Украину,political,2025-01-23,0.11612684994544517,0.6943970414143001,0.18947610864025474
«Ъ» узнал о задержании прокурора из-за побегов из зоны военной операции,political,2025-01-23,0.008621575768603715,0.9241165953435926,0.06726182888780369
Трамп вновь заявил о желании встретиться с Путиным,political,2025-01-23,0.0050757086277599195,0.9592197987162063,0.03570449265603389
"Трамп рассказал, что обсудил с Си Цзиньпином работу над миром на Украине",political,2025-01-23,0.033432610187257183,0.9300548469382061,0.036512542874536785
Трамп лишил охраны экс-госсекретаря Помпео и бывшего советника Хука,political,2025-01-23,0.007941478816220374,0.9454328172780783,0.04662570390570142
Посольство России сочло несостоятельными слова Лондона об угрозах кабелям,political,2025-01-23,0.008052363982840911,0.9244055996797915,0.06754203633736755
В Липецке объявили угрозу атаки дронов,political,2025-01-23,0.015674193033524356,0.11966166884213866,0.864664138124337
Силы ПВО сбили 49 беспилотников над тремя областями и Крымом,political,2025-01-23,0.00893951705698575,0.9488933169170923,0.042167166025921944
В Аргентине изучат возможность выхода из договора по климату,political,2025-01-23,0.022094474907490412,0.6835875652930794,0.2943179597994303
Bloomberg узнал о переносе публикации плана отказа ЕС от топлива России,economic,2025-01-27,0.007694095739167218,0.920635104352028,0.07167079990880477
Ефимов сообщил о старте работ по редевелопменту 12 промзон в 2024 году,economic,2025-01-27,0.013233101731784656,0.8504834843721626,0.13628341389605275
Ouest-France узнала о рекордном доходе США за счет конфликта на Украине,economic,2025-01-27,0.13190568574865078,0.7398557410622149,0.12823857318913437
Эксперты увидели превращение госзаказчиков в «кредиторов»,economic,2025-01-27,0.019012035033976107,0.12400074550056947,0.8569872194654545
Reuters сообщил о разногласиях сторонников из-за планов Трампа по налогам,economic,2025-01-27,0.005621423698530516,0.9734723589338452,0.020906217367624467
Bloomberg усомнился в «золотом веке» Европы благодаря перевооружению,economic,2025-01-26,0.021034137009796672,0.6407409615415435,0.3382249014486599
"Politico назвало первый вопрос, вызвавший раскол в команде Трампа",economic,2025-01-25,0.01395383070743324,0.8849532662261386,0.10109290306642812
Ефимов анонсировал торги на реорганизацию участка у метро «Рижская»,economic,2025-01-25,0.009328044165358982,0.9171472224507966,0.07352473338384449
"Путин раскрыл, что вредит как экономике России, так и экономике США",economic,2025-01-24,0.00432281044057812,0.9315564034859617,0.0641207860734603
Путин удивился средней зарплате в Москве и поспорил с Собяниным. Видео,economic,2025-01-24,0.01707924253816514,0.49394886411696975,0.48897189334486524
Эксперты РАН предложили реформу зарплат чиновников в России,economic,2025-01-24,0.008225437547393785,0.10950283132188891,0.8822717311307173
СПБ Биржа приостановила прием заявок на покупку и продажу всех бумаг,economic,2025-01-27,0.00825744768095731,0.05974598385008049,0.9319965684689622
ЦИАН подал заявление о делистинге расписок с Мосбиржи,economic,2025-01-27,0.011487026230887147,0.1339594582483433,0.8545535155207696
Мосбиржа подвела итоги первого дня утренних торгов,economic,2025-01-27,0.00794881385530202,0.8956353691694281,0.09641581697526982
Газпромбанк назвал топ-10 дивидендных бумаг на ближайший год,economic,2025-01-27,0.020751834239790223,0.23980291209745222,0.7394452536627575
Биржевые цены на кофе арабика обновили исторический максимум,economic,2025-01-27,0.02153338959938349,0.5318029936537778,0.44666361674683874
NVIDIA потеряла почти $500 млрд капитализации из-за китайского ИИ,economic,2025-01-27,0.0280363741966757,0.6095187354380771,0.36244489036524724
Пенсионный коэффициент: как рассчитывается и как влияет на пенсию,economic,2025-01-27,0.01140637886073475,0.9087201183651606,0.07987350277410461
Что такое кредитная карта и как она работает,economic,2025-01-27,0.02450945087981848,0.5086841317365529,0.46680641738362855
"Утренняя сессия на Мосбирже, бумаги Fix Price и «Полюса»: дайджест",economic,2025-01-27,0.009009340217730068,0.08617607974264524,0.9048145800396248
"Ключевая ставка 21%: куда вложиться, а каких инвестиций лучше избегать",economic,2025-01-26,0.019164067745791626,0.6619910058420615,0.3188449264121468
В какой банк положить деньги в январе: топ-10 вкладов,economic,2025-01-26,0.010738160961925865,0.8648748781588932,0.12438696087918093
Рейтинг самых богатых стран мира в 2025 году: топ-10,economic,2025-01-25,0.008433898976201342,0.12371139513124571,0.8678547058925529
Курс доллара в феврале 2025-го: получится ли у рубля удержать рубеж ₽100,economic,2025-01-25,0.020794412567971574,0.5377200849239309,0.44148550250809754
ЦБ понизил официальные курсы доллара США и евро,economic,2025-01-24,0.007672648221805786,0.9398143625484906,0.05251298922970378
"Британия ввела санкции против белорусского завода ""Легмаш"" и ОАО ""Алевкурп""",economic,2025-01-27,0.7833013192483792,0.136942254020459,0.07975642673116169
Путин назвал приличным уровень инвестиций в Петербурге,economic,2025-01-27,0.02117815305446874,0.13176560937417925,0.847056237571352
"Госдолг Украины вырос в валютном эквиваленте на 14,3% до 166,1 млрд долларов",economic,2025-01-27,0.693869796019649,0.16932297895961806,0.1368072250207329
Российский рынок акций опустился ниже психологического уровня 2900 пунктов,economic,2025-01-27,0.010995333468497513,0.061135010496701184,0.9278696560348012
"""Хавейл Мотор Рус"" отзовет 364 автомобиля Tank 500 Blacktrail",economic,2025-01-27,0.017905618526109886,0.21634405532938666,0.7657503261445036
Источник: США при Трампе продолжают блокировать работу расчетного органа ВТО,economic,2025-01-27,0.0036186366749857268,0.9732206476804119,0.02316071564460248
Нефть дешевеет на опасениях по поводу торговой политики США и экономики Китая,economic,2025-01-27,0.009951167676418063,0.8411561337323727,0.14889269859120918
"Сервис ""Авито"" начал тестирование бесплатной программы выкупа смартфонов",economic,2025-01-27,0.032422945381525195,0.651319830638627,0.31625722397984773
"Красносельский: ПМР может получить газ к концу недели, если Молдавия не помешает",economic,2025-01-27,0.007816347857025147,0.9413831511752314,0.050800500967743384
Хинштейн сообщил об увольнении своего заместителя,political,2025-01-27,0.013798405576026419,0.9042583645722481,0.08194322985172539
Путин на встрече с Бегловым предложил обсудить развитие Петербурга,political,2025-01-27,0.007664466693785138,0.9223710175692172,0.06996451573699752
Путин продлил замглавы МИД Богданову срок госслужбы до 2 марта 2026 года,political,2025-01-27,0.006515035095551529,0.9155681150470596,0.07791684985738895
"Песков: Путин и Трамп обсудят возможность встречи, когда сочтут целесообразным",political,2025-01-27,0.0026511655900343556,0.9889583017478569,0.008390532662108702
Песков назвал взыскание курскому чиновнику Карнаушко прерогативой властей,political,2025-01-27,0.008502813019219296,0.9513895473472465,0.04010763963353418
Песков: Россия пока не получала сигналов от США по контактам Путина и Трампа,political,2025-01-27,0.0018246295050200186,0.9801517707304462,0.018023599764533764
Песков назвал президентские выборы в Белоруссии легитимными и прозрачными,political,2025-01-27,0.007379091192038076,0.9642342939708788,0.028386614837083175
Путин в понедельник проведет рабочую встречу с губернатором Петербурга Бегловым,political,2025-01-27,0.008832454611561642,0.9053399042609562,0.08582764112748215
Карпенко: жалоб по выборам в Белоруссии и подсчету голосов не поступало,political,2025-01-27,0.006997804335393522,0.9545058321049411,0.038496363559665514
"Путин в поздравлении Лукашенко заявил, что в скором времени ждет его в Москве",political,2025-01-27,0.006765438668872583,0.9380038862517325,0.05523067507939504
Путин: РФ и Белоруссия продолжат работу по развитию двустороннего сотрудничества,political,2025-01-27,0.0061693083683451696,0.9338182008904183,0.06001249074123648
Путин поздравил Лукашенко с переизбранием на пост президента Белоруссии,political,2025-01-27,0.008678132841332266,0.8922371005938758,0.09908476656479197
Мэр Корсаковского района на Сахалине Ивашов подал в отставку,political,2025-01-27,0.009585171588771568,0.9217681102865709,0.06864671812465747
Сенатор Косихина: нарушений на президентских выборах в Белоруссии не выявили,political,2025-01-26,0.011213727303243068,0.904779654098986,0.08400661859777105
Член ЦИК Андреев: делегация РФ не нашла нарушений на выборах в Белоруссии,political,2025-01-26,0.013584108743675808,0.8344095617645447,0.1520063294917793
"Путин: администрация Байдена отказалась от контактов с Россией, это не наша вина",political,2025-01-24,0.018221672352313523,0.7474196966958353,0.23435863095185122
"Песков заявил, что Москва ожидает сигналов от Трампа",political,2025-01-24,0.003349692780737645,0.9803176868693042,0.016332620349958263
Эксперт Ознобищев: соглашение о ядерных вооружениях между Россией и США возможно,political,2025-01-24,0.011847922057321322,0.1795928643760174,0.8085592135666614
"Politico узнало, что Трамп избегает общения с властями ЕС",political,2025-01-27,0.005260493753256798,0.9568412256071107,0.03789828063963234
Минюст Италии подтвердил взятие в плен ВСУ итальянца из армии России,political,2025-01-27,0.009122927728269711,0.9245911301561789,0.06628594211555142
Президент Бразилии принял приглашение на празднование 80-летия Победы,political,2025-01-27,0.007229454991487302,0.9386901548866149,0.0540803901218977
Президент Польши призвал демонтировать «Северные потоки»,political,2025-01-27,0.007335596499109301,0.9401554235291281,0.05250897997176251
«Таких спокойных выборов еще не было». Как Белоруссия избирала Лукашенко,political,2025-01-27,0.014262562041624068,0.854983329579194,0.1307541083791819
Каллас заявила о движении фронта на Украине на запад,political,2025-01-27,0.13002979551688532,0.6594131384612232,0.21055706602189156
В Британии решили «не дразнить» Францию названием новой подлодки,political,2025-01-27,0.027765567096325272,0.47202841928104494,0.5002060136226297
Путин обсудил с президентом Бразилии урегулирование конфликта на Украине,political,2025-01-27,0.04564684086350537,0.9220591230482286,0.03229403608826602
Мединский представил учебник по военной истории России «для мальчиков»,political,2025-01-27,0.008185738695797046,0.9108882327247769,0.08092602857942609
ЕС ввел санкции против трех россиян из-за кибератаки на Эстонию,political,2025-01-27,0.5680136278105743,0.2516354440631648,0.18035092812626097
"«УП» рассказала, что офис Трампа «забанил» ключевую фигуру Зеленского",political,2025-01-27,0.014702764076310184,0.9128968304512285,0.0724004054724614
Великобритания расширила санкции против Белоруссии из-за выборов,political,2025-01-27,0.032530017444656396,0.8968127246355895,0.07065725791975397
«Золотую судью» Хахалеву задержали в Баку,political,2025-01-27,0.013935061272914271,0.1284221018694481,0.8576428368576375
Путин назвал снятие блокады важнейшим рубежом борьбы с нацизмом,political,2025-01-27,0.01782914098679263,0.8887642071831415,0.09340665183006584
В Думе назвали срок рассмотрения новых правил призыва на срочную службу,political,2025-01-27,0.012802521784054862,0.09730293333146371,0.8898945448844814
Первый замгубернатора Курской области подал в отставку,political,2025-01-27,0.006973061545529239,0.9584912553723463,0.03453568308212452
Бывший главком ВСУ заявил о потере Украиной половины природных ресурсов,political,2025-01-27,0.8385824793285518,0.12418531368312888,0.03723220698831924
Reuters узнал о 25 живых заложниках у ХАМАС из 33 в списках на обмен,political,2025-01-27,0.018610184685037008,0.6537324887254896,0.3276573265894734
Умерла получившая гражданство России экс-советница Рейгана,political,2025-01-27,0.008086745849698365,0.07705651997488787,0.9148567341754139
МИД назвал нежелательной ситуацию с назначением посла в США,political,2025-01-27,0.008556151112708976,0.9520783120463521,0.03936553684093888
Официальный курс доллара опустился ниже ₽98 впервые с ноября 2024 года,economic,2025-01-27,0.009519626951845876,0.22533546230085477,0.7651449107472993
Почему Венгрия сняла возражения против продления антироссийских санкций,political,2025-01-27,0.015107400368862935,0.92160393692511,0.0632886627060271
Путин заявил о снижении числа бедных в России,political,2025-01-27,0.006966333943838006,0.9004804330688031,0.09255323298735901
Каллас посоветовала говорить с США на «языке транзакций»,political,2025-01-27,0.011840494443268148,0.14072321626308398,0.847436289293648
Экономист Ионицэ: молдавский бизнес ожидает спада экономики на десять процентов,economic,2025-01-27,0.008538743104863649,0.9219520476269542,0.06950920926818231
Трамп предложил Моди увеличить закупки у США товаров в сфере безопасности,political,2025-01-27,0.002943623053563651,0.9858201511679765,0.011236225778459905
Глава МИД Турции оценил ситуацию с российскими военными базами в Сирии,political,2025-01-27,0.0037854991530774005,0.9646225203441477,0.0315919805027748
Силы ПВО сбили пять беспилотников над Крымом и двумя областями,political,2025-01-27,0.008782574080535215,0.9504319258047863,0.04078550011467859
Зеленский счел «тупым и безответственным» отказ Киева от ядерного оружия,political,2025-01-27,0.8071600779823258,0.11918642374507044,0.07365349827260378
На Украине сообщили о возбуждении дела против главы Минобороны Умерова,political,2025-01-27,0.028167285168214835,0.9653053741890743,0.006527340642710922
Местом расположения шестого генконсульства России в Китае выбрали Ухань,political,2025-01-27,0.00790299033117691,0.08162680682236927,0.9104702028464539
Деньги США тратили на Украине на ток-шоу «Эбаут» и проект о дворцах,political,2025-01-27,0.027074112762015556,0.9423789366421184,0.03054695059586597
Как получить средства накопительной пенсии одной выплатой в 2025 году,economic,2025-01-28,0.01356017538464215,0.2527696407806503,0.7336701838347075
СПБ Биржа возобновила прием заявок после паузы почти в четыре часа,economic,2025-01-27,0.00867384626803719,0.06256158179851218,0.9287645719334507
Брокер «Т-Инвестиции» запустил ночные торги по выходным,economic,2025-01-27,0.010385041698592643,0.10439638290784847,0.8852185753935587
"Россия рекордно нарастила экспорт свинины, мяса птицы и говядины",economic,2025-01-28,0.00799193010617509,0.07186904716010128,0.9201390227337237
"Нарышкин: западные лоббисты санкций признают, что экономика РФ адаптировалась",economic,2025-01-28,0.012809536182535098,0.0826591253243655,0.9045313384930994
Россия увеличила закупки грузинского коньяка до рекордных 154 миллионов долларов,economic,2025-01-28,0.011242420296177329,0.8573145660501315,0.13144301365369115
"Владельцы ""М.Видео-Эльдорадо"" обсуждают с ""Промсвязьбанком"" продажу сети",economic,2025-01-28,0.012771459321611481,0.1141887113415211,0.8730398293368673
Нарышкин: попытки Запада нанести ущерб экономике России будут продолжаться,economic,2025-01-28,0.009239569333025817,0.12533672390559883,0.8654237067613754
Акции высокотехнологических компаний в США упали на 17 процентов из-за DeepSeek,economic,2025-01-28,0.030477813265307525,0.6825948414577244,0.286927345276968
Claims Conference назвала число оставшихся в живых свидетелей холокоста,political,2025-01-28,0.013961785395344472,0.9139638459430214,0.07207436866163419
За ночь над тремя российскими регионами сбили пять беспилотников,political,2025-01-28,0.01649818829182076,0.7114741245684569,0.2720276871397223
Минюст подал иск о ликвидации фонда «Трансгендер»,political,2025-01-28,0.010720614241289707,0.9133504578170578,0.07592892794165257
Правительство поддержало отказ от ареста беременных и отцов-одиночек,political,2025-01-28,0.012686496965922384,0.08321674388050891,0.9040967591535688
Трамп подписал указ о создании «Железного купола» над США,political,2025-01-28,0.004530722797970614,0.9653292380801013,0.030140039121927975
"Посол заявил, что Сеул серьезно воспринял угрозу Москвы о поставках Киеву",political,2025-01-28,0.023020953969111264,0.9133427409167968,0.06363630511409189
Трамп увидел в успехе китайского чат-бота DeepSeek стимул для США,political,2025-01-28,0.004892893431516459,0.9566225364094068,0.038484570159076824
В Брянской области сбили два беспилотника,political,2025-01-28,0.012194844448287615,0.9221027730559388,0.0657023824957736
В Думе предложили разрешить призывным комиссиям пересматривать отсрочки,political,2025-01-28,0.00914008591890794,0.9224852286524959,0.06837468542859605
Зеленский оценил возможность демобилизации словами о сдаче в первый день,political,2025-01-28,0.008791300985572988,0.9547458961983842,0.03646280281604275
Сенат США утвердил Скотта Бессента главой Минфина,political,2025-01-28,0.005644251023386122,0.951277088845393,0.04307866013122095
Военные ВСУ рассказали о единственной своей тактике — затыкать дыры,political,2025-01-28,0.00867129074207973,0.9445390287151059,0.04678968054281434
В Киеве демонтировали памятник физиологу Ивану Павлову,political,2025-01-28,0.04721861801487243,0.6362317356948038,0.3165496462903236
Замглавы МИД и посол Азербайджана обсудили авиакатастрофу в Актау,political,2025-01-28,0.007919163838472475,0.9465866187060298,0.04549421745549779
"В офисе Зеленского сообщили, что хотят успеть до встречи Путина и Трампа",political,2025-01-28,0.006870945662665533,0.9792236965920633,0.013905357745271246
"Индекс Мосбиржи, акции ЦИАН, цены на нефть Brent: дайджест инвестора",economic,2025-01-28,0.009639223510835614,0.8341999825099211,0.15616079397924326
РЖД временно отказались от идеи запуска на вокзалах роботов-носильщиков,economic,2025-01-28,0.015779878551856776,0.08301440965241152,0.9012057117957317
Экономист Гупта: у торгово-экономических связей РФ и Индии огромный потенциал,economic,2025-01-27,0.009143139398703454,0.07709449171272097,0.9137623688885755
Канада попытается вместе с Европой предотвратить повышение тарифов в США,political,2025-01-28,0.006921949615577069,0.9501937366553772,0.042884313729045616
В Черкасской области Украины после серии взрывов отключился свет,political,2025-01-28,0.8155839274452154,0.12549924547770241,0.05891682707708222
Разработчик «Хищников» призвал Маска избавиться от бюрократии в Пентагоне,political,2025-01-28,0.012283528824793898,0.11625835830618188,0.8714581128690242
Смоленский губернатор сообщил об отражении воздушной атаки,political,2025-01-28,0.011599689265977684,0.9334648750659892,0.05493543566803314
Минпромторг прорабатывает план поддержки металлургической промышленности России,economic,2025-01-28,0.008004699329885233,0.9166922711127857,0.07530302955732891
Глава администрации Ростова-на-Дону Логвиненко написал заявление об отставке,political,2025-01-28,0.0042362802655926375,0.9738639896027215,0.02189973013168599
"ФСБ задержала новороссийца, хранившего взрывчатку в тайнике",political,2025-01-28,0.011814255164493848,0.9000774341422019,0.08810831069330426
FT узнала стратегию ЕС и НАТО по претензиям Трампа на Гренландию,political,2025-01-28,0.013225062882383074,0.9391800569334761,0.04759488018414093
Силовики сообщили об уничтожении диверсантов у границы Курской области,political,2025-01-28,0.010096421920680967,0.9566828054717942,0.03322077260752472
США объявили о приостановке программы для беженцев из Украины,political,2025-01-28,0.757781470403805,0.14184341776177148,0.10037511183442352
Прокуратура потребовала взыскать ₽3 млрд с главы курской корпорации,political,2025-01-28,0.011218065670853533,0.9432067982774284,0.04557513605171821
"В Google рассказали, когда на картах появится «Американский залив»",political,2025-01-28,0.021380674585251856,0.6105748876721131,0.3680444377426351
Мосбиржа обсудила торги в выходные с брокерами и ЦБ,economic,2025-01-28,0.011174682147796922,0.1355954223162789,0.8532298955359242
"Сбербанк и ""Дом.РФ"" разместили два выпуска ипотечных облигаций на 65,5 млрд руб",economic,2025-01-28,0.013361893691004724,0.10256526351894009,0.8840728427900553
BBI: богатейшие люди мира потеряли $108 млрд от распродажи акций из-за DeepSeek,economic,2025-01-28,0.013870071708216171,0.07916025602699416,0.9069696722647898
Головатюк: внешний госдолг Молдавии впервые в истории превысил четыре миллиарда,economic,2025-01-28,0.011416554338801232,0.0729978743305264,0.9155855713306723
Токаев поручил приступить к созданию ядерного кластера в Казахстане,economic,2025-01-28,0.027954758627964423,0.33265273701932835,0.6393925043527072
Новым и.о. первого вице-губернатора Курской области стал Александр Чепик,political,2025-01-28,0.011099693934147534,0.9316315629256756,0.05726874314017676
Каких членов нового правительства Трампа утвердил сенат,political,2025-01-28,0.009499494378207731,0.14776793987469955,0.8427325657470928
Зеленский потребовал от Трампа включить Украину в переговоры с Россией,political,2025-01-28,0.772748486701851,0.18898263417402797,0.03826887912412108
Токаев заявил о создании в Казахстане ядерного кластера,political,2025-01-28,0.02692820449264753,0.6708206700171405,0.3022511254902119
Хинштейн назначил и.о. своего первого зама экс-премьера Карелии,political,2025-01-28,0.009898973254338752,0.10845617546702888,0.8816448512786323
"«РИА Новости» выяснило, как фигурант убийства Дугиной узнал «свою работу»",political,2025-01-28,0.01464199391217354,0.8868080466279963,0.09854995945983032
Reuters узнал о приостановке закупок российской нефти Китаем и Индией,economic,2025-01-28,0.009638090700587607,0.09445866467599562,0.8959032446234168
Казахстан изучит места для строительства новых АЭС,economic,2025-01-28,0.021883512884006556,0.4464505997350464,0.531665887380947
Мосбиржа с 31 января начнет расчет нового индекса денежного рынка RUSFAR,economic,2025-01-28,0.015637343838573348,0.5249753981696376,0.45938725799178914
«Цифровые привычки» анонсировали pre-IPO на Мосбирже объемом до ₽900 млн,economic,2025-01-28,0.01021521173680092,0.10359631809390156,0.8861884701692975
Песков: Россия заинтересована в продолжении поставок российского газа в Европу,economic,2025-01-28,0.005318003289052973,0.9497839038216581,0.04489809288928873
Песков: Путин во вторник обсудит вопросы российского автомобилестроения,economic,2025-01-28,0.005859394122998815,0.9432945336823653,0.05084607219463594
"Фестиваль-ярмарка ""Сделано в России"" впервые пройдет в ОАЭ в феврале",economic,2025-01-28,0.010999475457431586,0.828226980343799,0.16077354419876946
"Абхазия проведет переговоры с ""Интер РАО"" о продлении перетока электроэнергии",economic,2025-01-28,0.01626833783249334,0.9229506961341905,0.06078096603331612
"""Калашников"" получил рекордную выручку по экспортным контрактам 2024 года",economic,2025-01-28,0.011298543338240378,0.1456115848622003,0.8430898717995593
Городская дума Ростова-на-Дону приняла отставку главы администрации Логвиненко,political,2025-01-28,0.004215659569026841,0.9744030343955836,0.02138130603538963
Премьер Сербии уйдет в отставку на фоне протестов,political,2025-01-28,0.012012200309819894,0.1410441270322897,0.8469436726578905
Песков ответил на вопрос об обеспечении безопасности Путина,political,2025-01-28,0.008038409663399129,0.9492652205997035,0.042696369736897395
Экоактивисты сорвали постановку с Сигурни Уивер в Лондоне. Видео,political,2025-01-28,0.01046234115645525,0.9173464202529739,0.07219123859057092
"Кремль допустил, что ЕС мог предложить Венгрии переговоры ради санкций",political,2025-01-28,0.013174603268780258,0.9522545117081131,0.03457088502310652
Пытавшийся протаранить посольство России в Швеции оказался украинцем,political,2025-01-28,0.009129323961916031,0.10405942140877267,0.8868112546293113
Минобороны сообщило о контроле над Двуречной в Харьковской области,political,2025-01-28,0.020962628452472203,0.8854783546232029,0.09355901692432504
Посол Украины в США сочла вбросом статью о 100 днях на урегулирование,political,2025-01-28,0.028700552104837518,0.9493494436177556,0.02195000427740671
«Цифра брокер» дал прогноз по акциям двух российских компаний из сферы ИИ,economic,2025-01-28,0.008344752970354497,0.04675896893593021,0.9448962780937152
Официальный курс доллара США вырос почти на ₽1 и приблизился к ₽98,economic,2025-01-28,0.011516703485453205,0.8010451300847057,0.1874381664298411
Мосбиржа анонсировала старт торгов по выходным в конце второго квартала,economic,2025-01-28,0.009145478367503854,0.8765146026090552,0.11433991902344094
Как рассчитать размер будущей пенсии по старости,economic,2025-01-28,0.011349043055355732,0.9109013401775938,0.07774961676705038
СПБ Биржа с 1 февраля запустит торги по субботам и воскресеньям,economic,2025-01-28,0.01789251195344149,0.2895856878159837,0.6925218002305747
Путин попросил правительство создать систему управления развитием отрасли БПЛА,economic,2025-01-28,0.006860896979265082,0.07519347843963696,0.917945624581098
Путин: прогресс в вопросе расширения использования цифровых геоданных невелик,economic,2025-01-28,0.010377111537997726,0.11715146457510249,0.8724714238868997
Путин поручил организовать мониторинг выполнения нацпроекта по развитию БАС,economic,2025-01-28,0.00799208675336729,0.08317628998014522,0.9088316232664875
Путин: формирование долгосрочного госзаказа в сфере БПЛА должно быть комплексным,economic,2025-01-28,0.008475066037118898,0.9220595061615734,0.06946542780130778
Путин попросил правительство поддержать амбиции бизнеса на рынке БПЛА,economic,2025-01-28,0.006033609937147887,0.04840956092008441,0.9455568291427677
Путин поручил в 2025 году организовать международный форум системам БПЛА,economic,2025-01-28,0.005998558913834925,0.07704143022022751,0.9169600108659376
"Путин: РФ должна ускорить развитие беспилотной авиации, чтобы выйти в лидеры",economic,2025-01-28,0.00989793805645769,0.12482915184932812,0.8652729100942143
Путин: у России есть все ресурсы для развития отрасли беспилотной авиации,economic,2025-01-28,0.009621370657136486,0.8660643243012621,0.12431430504160138
Путин: стартапы в производстве БПЛА оперативно выходят на серийное производство,economic,2025-01-28,0.011843090726059307,0.1476627149673654,0.8404941943065752
Путин: россияне стали реже покупать автомобили в кредит из-за высокой ставки,economic,2025-01-28,0.02009804856146461,0.7475876373897069,0.23231431404882844
Путин на НПЦ в Тольятти ознакомился с сельскохозяйственных дронов,economic,2025-01-28,0.010038056211439274,0.9075028484599917,0.08245909532856892
"Путин заявил, что машины такси в России должны быть отечественного производства",economic,2025-01-28,0.012720137940769862,0.5061257072383996,0.4811541548208306
Путин: Зеленский нелегитимен и не имеет права ничего подписывать,political,2025-01-28,0.015225151895036414,0.9069117664993516,0.07786308160561195
"Путин заявил, что готов выделить людей для переговоров с Зеленским",political,2025-01-28,0.018473433333958754,0.9302872989188062,0.05123926774723489
"ЦИК готов помочь с открытием допучастков в России, если ЦИК Абхазии попросит",political,2025-01-28,0.0069904479071087895,0.07385840921547492,0.9191511428774163
"Участника ""Времени героев"" Тихонова назначили замполпреда президента РФ в ПФО",political,2025-01-28,0.009666827216802558,0.09981525156680895,0.8905179212163884
Оппозиция Польши инициирует вотум недоверия министру по делам равенства Котуле,political,2025-01-28,0.007629153670911441,0.9423028196388632,0.05006802669022517
Володин: Путин и Лукашенко работают над укреплением единства между странами,political,2025-01-28,0.009916707052218964,0.1270062802799104,0.8630770126678707
Володин: все фракции Госдумы поддерживают инициативу о полном запрете вейпов,political,2025-01-28,0.010196736485575059,0.10056293911537556,0.8892403243990494
Врио министра по охране ОКН Курской области Мусьял покинула пост после скандала,political,2025-01-28,0.007575294616858659,0.9512853874690235,0.04113931791411788
Врио главы администрации Ростова-на-Дону стал Александр Скрябин,political,2025-01-28,0.004786122375345885,0.9727484075009798,0.02246547012367423
FT узнала о риске провала в сенате кандидатуры Кеннеди на пост министра,political,2025-01-28,0.01018697040486694,0.11512917766068545,0.8746838519344476
Почему отставка премьера Сербии может быть выгодна президенту Вучичу,political,2025-01-28,0.008229688010607755,0.9030854581340285,0.08868485385536364
Белорусам разрешат участвовать в местных выборах в России,political,2025-01-28,0.008662937376284383,0.8992490571514279,0.0920880054722876
"Путин заявил, что был готов к личной встрече с Зеленским в 2022 году",political,2025-01-28,0.016833606573412395,0.7579151051269001,0.2252512882996875
Путин отвел Украине два месяца в случае прекращения поставок оружия,political,2025-01-28,0.8285944047011405,0.12128012983701966,0.050125465461839804
Путин назвал условия переговоров с Украиной,political,2025-01-28,0.7235460569739065,0.19378785561736886,0.08266608740872457
Путин раскрыл детали отвода войск из-под Киева в 2022 году,political,2025-01-28,0.0305515823307337,0.5356609931156253,0.4337874245536409
Депутаты запретят иноагентам «ёрничать» и проводить мастер-классы,political,2025-01-28,0.02266087381104813,0.4789544512959847,0.49838467489296717
Путин заявил о крушении прогнозов «кончины» АвтоВАЗа,political,2025-01-28,0.01140667908098906,0.15704536301544825,0.8315479579035626
Патрушев назвал терактом подрыв и затопление судна Ursa Major,political,2025-01-28,0.013971074891008895,0.9130252601594785,0.07300366494951256
В НАТО обвинили Россию в подготовке убийства главы Rheinmetall,political,2025-01-28,0.00913400474838948,0.932657830123427,0.0582081651281836
Правящие партии Румынии потеряли голоса после отмены результатов выборов,political,2025-01-28,0.012110292348619075,0.8849963663116815,0.10289334133969927
Как Дания готовит Европу к битве с Трампом за Гренландию,political,2025-01-28,0.006694320780039712,0.94830236579602,0.04500331342394037
Два «стратега» Ту-160 совершили полет над Северным Ледовитым океаном,political,2025-01-28,0.013366682720343937,0.8815475305626785,0.10508578671697769
Как менялось время на часах Судного дня. Инфографика,political,2025-01-28,0.010193214397214137,0.10120941179310097,0.8885973738096848
Путин приехал на АвтоВАЗ в Тольятти. Видео,political,2025-01-28,0.018589781359864204,0.663957808168448,0.3174524104716879
Патрушев заявил о росте поставок на флот морских беспилотников,political,2025-01-28,0.013365272129306752,0.8681893505174043,0.11844537735328893
Путину показали новую Lada Iskra,political,2025-01-28,0.010536514060036566,0.8849606288480737,0.10450285709188963
Часы Судного дня приблизились к «ядерной полуночи» на рекордное время,political,2025-01-28,0.011016043312168594,0.08456635118785855,0.9044176054999729
Bloomberg рассказал о проблемах в переговорах России с Сирией,political,2025-01-28,0.0161288989102438,0.9091225558771593,0.07474854521259684
