057b637a-ecba-4a44-b628-57cec6506a43,"Цены в России за 2024 год выросли на 9,52%",2025-01-15 00:00:00,https://www.rbc.ru/economics/15/01/2025/67876e239a7947bc75769b1c,2025-01-15 22:50:30.548274,economic,1
bc67ac50-1077-4690-9de3-e25c6a1db453,Лукашенко призвал не тратить инвестиции на «барахло»,2025-01-15 00:00:00,https://www.rbc.ru/rbcfreenews/6787ac139a7947dea62e75be,2025-01-15 22:50:30.548274,economic,0
9abcdeae-11e7-41d3-96e8-03e1b201f94a,РСПП предложил приоритет выкупа экс-владельцам изъятых активов,2025-01-15 00:00:00,https://www.rbc.ru/economics/15/01/2025/678749c29a7947d539773e83,2025-01-15 22:50:30.548274,economic,0
d9fd7b7c-bacd-4e0c-a043-6a29e65352c0,Путин поручил рассмотреть вопрос о сроках давности при деприватизации,2025-01-15 00:00:00,https://www.rbc.ru/economics/15/01/2025/67869f8e9a79473d424bdfec,2025-01-15 22:50:30.548274,economic,0
cf53ac21-e5ff-4f43-bb7b-e4bb08f82de7,Юристы оценили выгодность ставок НДС для бизнеса на «упрощенке»,2025-01-15 00:00:00,https://www.rbc.ru/economics/15/01/2025/678501239a7947462f653adc,2025-01-15 22:50:30.548274,economic,1
7242b544-3d41-4173-9c24-2f3a356def2a,"Мишустин заявил, что Россия смогла адаптироваться к санкциям",2025-01-15 00:00:00,https://www.rbc.ru/rbcfreenews/67872c1b9a79470a1520d60a,2025-01-15 22:50:30.548274,economic,1
3e447127-0b0d-45a3-82f5-029f3f9acc9e,Reuters узнал об остановке более 60 нефтяных танкеров после санкций США,2025-01-14 00:00:00,https://www.rbc.ru/economics/14/01/2025/678658e59a79477a4d17f7c5,2025-01-15 22:50:30.548274,economic,0
0fe54d1b-72a0-4392-a0b2-6ebcec14872e,Bloomberg узнал о срочной скупке нефти Китаем из-за санкций против России,2025-01-14 00:00:00,https://www.rbc.ru/economics/14/01/2025/67862b179a794779f92412e5,2025-01-15 22:50:30.548274,economic,0
4a04297f-d4b2-4670-828b-ef2c32331543,Власти ужесточат наказание за слив закрытых данных банков и таможни,2025-01-13 00:00:00,https://www.rbc.ru/economics/13/01/2025/67850fb69a79475a7415dfc5,2025-01-15 22:50:30.548274,economic,1
21705833-da02-47ee-9702-cbdf898e076e,Куда и сколько качает газа попавшая под атаку БПЛА ВСУ станция «Русская»,2025-01-13 00:00:00,https://www.rbc.ru/economics/13/01/2025/6784d9d09a7947528a5aff03,2025-01-15 22:50:30.548274,economic,0
5b8c5251-12c7-43d1-a6b4-270bc59965a3,ЦБ исключил заморозку вкладов для борьбы с инфляцией,2025-01-13 00:00:00,https://www.rbc.ru/economics/13/01/2025/6784c0769a794743ce5a76fe,2025-01-15 22:50:30.548274,economic,1
ab8a818c-81e8-40c8-a5af-260212aafc52,Товарооборот между Китаем и Россией обновил рекорд,2025-01-13 00:00:00,https://www.rbc.ru/economics/13/01/2025/6784b65d9a7947a78f5b5dfe,2025-01-15 22:50:30.548274,economic,1
4b7bc6d3-42f6-4699-bab9-abe777f7e2ba,США увеличили импорт комплектующих для самолетов из России,2025-01-13 00:00:00,https://www.rbc.ru/economics/13/01/2025/67849fd49a79474d6a7f9c75,2025-01-15 22:50:30.548274,economic,0
5b1f9da2-7033-48c7-b79b-3564f2ee8f61,Аналитики назвали лидирующий сектор по росту средних зарплат,2025-01-13 00:00:00,https://www.rbc.ru/economics/13/01/2025/67847e389a79475b7294d47f,2025-01-15 22:50:30.548274,economic,1
ef978aed-4a2e-4e7d-a8c9-d45cc572cd9d,Британский химический гигант предупредил о гибели промышленности страны,2025-01-13 00:00:00,https://www.rbc.ru/rbcfreenews/6784640d9a7947179558e6f3,2025-01-15 22:50:30.548274,economic,0
ff320d08-d15f-425a-a7e0-1dc9b76ff3a5,Власти Китая начали платить по долгам квартирами,2025-01-13 00:00:00,https://www.rbc.ru/rbcfreenews/678458369a79475aa17413d0,2025-01-15 22:50:30.548274,economic,0
959f1265-8768-45ec-86a5-157bf3e7fd2d,Росстат оценил разрыв в зарплатах мужчин и женщин в России,2025-01-12 00:00:00,https://www.rbc.ru/economics/12/01/2025/678382b29a79477259b2853b,2025-01-15 22:50:30.548274,economic,1
c114e3af-ef29-49df-a64d-68e6820d2b45,США увеличили импорт шоколада и какао-продуктов из России в три раза,2025-01-12 00:00:00,https://www.rbc.ru/rbcfreenews/67836fe39a79473dd4a4e607,2025-01-15 22:50:30.548274,economic,0
3cba9a70-e388-41b4-814e-581bfc3eb296,"WSJ узнала об экспорте Ираном нефти, переданной КНР на хранение в 2018-м",2025-01-12 00:00:00,https://www.rbc.ru/economics/12/01/2025/6783177c9a7947c6cb2d587c,2025-01-15 22:50:30.548274,economic,1
6391f7de-84d8-4f66-9d5c-584f22b82b21,Азербайджан приостановил поставки газа в Сербию,2025-01-11 00:00:00,https://www.rbc.ru/economics/11/01/2025/678273999a7947cfd63254f5,2025-01-15 22:50:30.548274,economic,0
07bd8a17-ce9a-4e4c-aec9-083e4b1a713e,ЦБ опустил официальный курс доллара ниже ₽103,2025-01-15 00:00:00,https://www.rbc.ru/quote/news/article/678749a89a7947076e23b8d0,2025-01-15 22:51:12.028948,economic,1
872942c6-cca1-48e7-a17b-4fecc33b7075,Минфин занял менее ₽10 млрд на первом в 2025 году аукционе гособлигаций,2025-01-15 00:00:00,https://www.rbc.ru/quote/news/article/67879dc39a7947c4c96d1927,2025-01-15 22:51:12.028948,economic,0
bbf2ead4-601f-45a7-9d0a-5e4bc6a9bc3e,Нацбанк Казахстана связал слабость тенге с антироссийскими санкциями,2025-01-15 00:00:00,https://www.rbc.ru/quote/news/article/6787a5589a794724a68e561b,2025-01-15 22:51:12.028948,economic,1
7500ac44-580a-4cee-8313-b2d9fe298de7,Совкомбанк снизил максимальные ставки по ряду вкладов,2025-01-15 00:00:00,https://www.rbc.ru/quote/news/article/678790d39a7947161a19a0ec,2025-01-15 22:51:12.028948,economic,0
010d5966-881e-4ab4-ac25-aa7d235ec6fa,Количество частных инвесторов на Мосбирже превысило 35 млн человек,2025-01-15 00:00:00,https://www.rbc.ru/quote/news/article/6786272c9a794765ec6e9bd9,2025-01-15 22:51:12.028948,economic,1
989080a5-ecf7-4e11-9db3-2a8e063c02b5,"Как оплатить по QR-коду, начисляется ли кешбэк и как вернуть такую оплату",2025-01-15 00:00:00,https://www.rbc.ru/quote/news/article/670bda469a79476aaa355ec5,2025-01-15 22:51:12.028948,economic,0
1b3d2870-4849-435b-bffd-ddfdc7cb45a2,Госдума одобрила введение периода охлаждения по кредитам для физлиц,2025-01-15 00:00:00,https://www.rbc.ru/quote/news/article/678794fd9a7947d9a23c5a4a,2025-01-15 22:51:12.028948,economic,0
2317ea20-c3a6-4475-92e7-ea853ea8ea3f,«Финам» назвал акции с наибольшим потенциалом роста на 2025 год,2025-01-15 00:00:00,https://www.rbc.ru/quote/news/article/678764729a7947fd728154ad,2025-01-15 22:51:12.028948,economic,1
931040a7-9e83-4083-90e9-7fb9492f2f37,Акции ВК выросли на новости о регистрации Банком России акций Skillbox,2025-01-15 00:00:00,https://www.rbc.ru/quote/news/article/678769459a7947426f9ac885,2025-01-15 22:51:12.028948,economic,1
59bc5d12-412e-4f6b-b68d-c872dc9bb37c,Курс доллара в 2025 году: было ли разминкой ослабление рубля в 2024-м,2025-01-15 00:00:00,https://www.rbc.ru/quote/news/article/676555979a7947710266ec4b,2025-01-15 22:51:12.028948,economic,1
0a71b8cb-e3c0-4ffe-9946-106155f924d2,"Индекс Мосбиржи, акции «Русала», российская валюта: дайджест инвестора",2025-01-15 00:00:00,https://www.rbc.ru/quote/news/article/67873b6d9a79476c931669c4,2025-01-15 22:51:12.028948,economic,1
a2265722-5692-4d21-988c-68007d11bc80,Ставки заимствования по юаням стали отрицательными из-за профицита валюты,2025-01-15 00:00:00,https://www.rbc.ru/quote/news/article/678656559a7947649e68d7bb,2025-01-15 22:51:12.028948,economic,1
39dda462-9e69-4ae7-88df-f50e31fedac6,Средняя ставка по вкладам в топ-10 банков снизилась впервые за два месяца,2025-01-14 00:00:00,https://www.rbc.ru/quote/news/article/677be0479a7947218221ba35,2025-01-15 22:51:12.028948,economic,1
8d3ddff7-4e25-4a0b-9726-0a728f5634eb,«Велес Капитал» назвал акции с наибольшим потенциалом роста на I квартал,2025-01-14 00:00:00,https://www.rbc.ru/quote/news/article/67865a5e9a7947647a53076d,2025-01-15 22:51:12.028948,economic,1
daf30522-a7ea-45b4-92b4-420a66933b5b,Инвесторы пожаловались на сложности с доступом в приложения брокеров,2025-01-14 00:00:00,https://www.rbc.ru/quote/news/article/67867bec9a7947d98c370a1b,2025-01-15 22:51:12.028948,economic,0
f921a602-8ac3-4c9d-af14-999f9b3548ca,"Сербия на фоне санкций США не будет национализировать '"Нефтяную индустрию'"",2025-01-15 00:00:00,https://ria.ru/20250115/serbiya-1993918303.html,2025-01-15 22:51:47.881895,economic,1
e60cfeff-8fd0-4a90-b5b6-38873b8bb5e8,Посол Белоруссии Рогожник: товарооборот России и Белоруссии за год вырос на 105%,2025-01-15 00:00:00,https://ria.ru/20250115/tovarooborot-1993915466.html,2025-01-15 22:51:47.881895,economic,0
0fb60136-673b-4b1a-8deb-d31916070358,"Росстат: инфляция в России в 2024 году составила 9,52%",2025-01-15 00:00:00,https://ria.ru/20250115/inflyatsiya-1993908506.html,2025-01-15 22:51:47.881895,economic,1
1d741810-2c80-4778-9c16-a894577d9df7,"Росстат: в России с начала года подорожала водка, сосиски и макароны подешевели",2025-01-15 00:00:00,https://ria.ru/20250115/tseny-1993906539.html,2025-01-15 22:51:47.881895,economic,1
6139cc45-fcba-480d-a4ae-4c808fb09da0,Минфин США частично разрешил операции с девятью российскими банками,2025-01-15 00:00:00,https://ria.ru/20250115/bank-1993903982.html,2025-01-15 22:51:47.881895,economic,1
d4ffba50-2eb9-43d6-a914-5f043d74f3ca,"Минфин США: под санкции попали 16 физлиц, АО '"Военторг'" и еще десятки компаний",2025-01-15 00:00:00,https://ria.ru/20250115/sanktsii-1993901740.html,2025-01-15 22:51:47.881895,economic,0
0b565a2e-e9d3-44c2-b3b1-c3d63ccb7a98,Глава НБМ Драгу: Молдавия в 2025 году может столкнуться с двузначной инфляцией,2025-01-15 00:00:00,https://ria.ru/20250115/moldavija-1993875005.html,2025-01-15 22:51:47.881895,economic,0
f96a0e18-e0ac-4f83-9987-ddf2bdc0f15f,"'"АвтоВАЗ'" рассматривает запуск отдельного бренда для коммерческих автомобилей",2025-01-15 00:00:00,https://ria.ru/20250115/avtovaz-1993871681.html,2025-01-15 22:51:47.881895,economic,1
e5fbd9c4-f040-4fa6-a587-13099564a779,Никишина: продукция российского АПК пользуется большим спросом во Вьетнаме,2025-01-15 00:00:00,https://ria.ru/20250115/nikishina-1993859480.html,2025-01-15 22:51:47.881895,economic,1
4dda86f2-a1ae-489f-a762-1843f59b976c,"'"Союзцемент'": биржа не поможет сдержать рост цен на стройматериалы",2025-01-15 00:00:00,https://realty.ria.ru/20250115/birzha-1993852211.html,2025-01-15 22:51:47.881895,economic,1
277f794a-37bb-44aa-bc09-8dc3fbafdada,Председатель правительства Запорожской области Ирина Гехт покинула пост,2025-01-15 00:00:00,https://ria.ru/20250115/post-1993908888.html,2025-01-15 22:52:42.362886,political,1
5635b65c-0461-4614-9148-2f915cf3f717,"Глава МИД Ирана: Москва и Тегеран будут сотрудничать в космосе, ИИ и медицине",2025-01-15 00:00:00,https://ria.ru/20250115/iran-1993861833.html,2025-01-15 22:52:42.362886,political,0
b4acf3dc-415a-4a13-a3eb-a14695b61530,"Верховный суд ликвидировал партию '"Гражданская Сила'" по иску Минюста",2025-01-15 00:00:00,https://ria.ru/20250115/partiya-1993844590.html,2025-01-15 22:52:42.362886,political,1
2dcd919a-4cc4-40bc-9ad4-95b31f763ee9,Аракчи назвал укрепление сотрудничества с Россией важным аспектом договора,2025-01-15 00:00:00,https://ria.ru/20250115/mid-1993839491.html,2025-01-15 22:52:42.362886,political,1
f3685b34-fff2-49d9-97ad-399551a59b77,Балицкий: врио главы Энергодара после ухода Сеновоза станет Максим Пухов,2025-01-15 00:00:00,https://ria.ru/20250115/balitskiy-1993831513.html,2025-01-15 22:52:42.362886,political,0
72ed0dcb-af7b-4156-80f9-e3a71b4a0671,Песков назвал переговоры с Туадерой первыми международными переговорами Путина,2025-01-15 00:00:00,https://ria.ru/20250115/peregovory-1993827787.html,2025-01-15 22:52:42.362886,political,0
05b03c07-30b2-41d3-9de1-02f6e0786c64,"Песков: РФ и ЦАР развивают отношения во всех сферах, включая безопасность",2025-01-15 00:00:00,https://ria.ru/20250115/tsar-1993821308.html,2025-01-15 22:52:42.362886,political,0
4274620b-3738-46bf-a54a-8edf40d7ad2a,Глава Энергодара Сеновоз покинул свой пост ради новых задач,2025-01-15 00:00:00,https://ria.ru/20250115/glava-1993806415.html,2025-01-15 22:52:42.362886,political,1
ad509d96-2c46-4efc-b72a-f53f1493f1a7,"Лихачев сравнил санкции США против руководства '"Росатома'" с наградным листом",2025-01-15 00:00:00,https://ria.ru/20250115/sanktsii-1993805016.html,2025-01-15 22:52:42.362886,political,0
9f548cfc-5a49-43d3-8dba-c5dbc3c5a582,РФ и Вьетнам выступили против вмешательства во внутренние дела суверенных стран,2025-01-15 00:00:00,https://ria.ru/20250115/vetnam-1993780514.html,2025-01-15 22:52:42.362886,political,0
b6f9f50e-eac6-485c-b702-ca1dbd835fdd,РФ и Вьетнам договорились продолжить совершенствовать двусторонние отношения,2025-01-15 00:00:00,https://ria.ru/20250115/vetnam-1993779277.html,2025-01-15 22:52:42.362886,political,1
992bbc3f-e1b1-482c-a520-aa1bb1ed3314,Президент Вьетнама Кыонг поздравил Россию с успехами в президентство Путина,2025-01-15 00:00:00,https://ria.ru/20250115/vetnam-1993771869.html,2025-01-15 22:52:42.362886,political,1
183b00e3-3e5c-49f5-b6ba-4fbebb5b2533,Мишустин: Россия и Вьетнам имеют большой потенциал для развития отношений,2025-01-15 00:00:00,https://ria.ru/20250115/mishustin-1993769553.html,2025-01-15 22:52:42.362886,political,1
5f5f0f28-4b74-4055-9cd1-c4138e3a3a85,Лавров и вице-спикер парламента Словакии Данко обсудили конфликт на Украине,2025-01-14 00:00:00,https://ria.ru/20250114/lavrov-1993729436.html,2025-01-15 22:52:42.362886,political,-1
8608e806-9f6e-4c9c-8a73-2a1dda7a0eea,Матвиенко: прекращение сотрудничества России и ЕС произошло не по вине Москвы,2025-01-14 00:00:00,https://ria.ru/20250114/matvienko-1993690145.html,2025-01-15 22:52:42.362886,political,1
00807b26-6c78-4b9c-a14b-6fbbec7f92b8,Глава администрации Ростова-на-Дону Логвиненко опроверг информацию об отставке,2025-01-14 00:00:00,https://ria.ru/20250114/otstavka-1993680296.html,2025-01-15 22:52:42.362886,political,0
962b4350-ace3-4a4c-9af6-c62f3c863f3c,"Володин заявил, что некоторые министерства подходят к работе недобросовестно",2025-01-14 00:00:00,https://ria.ru/20250114/volodin-1993646054.html,2025-01-15 22:52:42.362886,political,0
341c702b-17e1-40b8-b60f-dadd93fcc81e,В Госдуме началось первое пленарное заседание весенней сессии,2025-01-14 00:00:00,https://ria.ru/20250114/gosduma-1993636282.html,2025-01-15 22:52:42.362886,political,0
c3e56b59-e369-4fb7-9ed5-ae5529058067,"Володин сообщил, что обсудил с Путиным планы работы Госдумы в весеннюю сессию",2025-01-14 00:00:00,https://ria.ru/20250114/volodin-1993635425.html,2025-01-15 22:52:42.362886,political,0
a7d11ada-8948-415a-bf4f-6797d67b84a7,Песков: переговоры Путина и президента Ирана Пезешкиана пройдут в Кремле,2025-01-14 00:00:00,https://ria.ru/20250114/iran-1993618023.html,2025-01-15 22:52:42.362886,political,0
09cc78e0-e3a7-4b93-bf12-f0395a57febd,Рубио заявил о неизбежности уступок в переговорах с Киевом о НАТО,2025-01-15 00:00:00,https://www.rbc.ru/rbcfreenews/678805f39a79476f4e358d1c,2025-01-15 22:53:34.874543,political,0
6f53069b-9441-4073-91d1-1f9953e88c53,Премьер Катара объявил о прекращении огня в секторе Газа с 19 января,2025-01-15 00:00:00,https://www.rbc.ru/politics/15/01/2025/678806a69a794781b8d35123,2025-01-15 22:53:34.874543,political,0
1c21ac11-c798-4ee3-8d68-93580f105f5a,"Трамп заявил, что добьется мира на Ближнем Востоке через силу",2025-01-15 00:00:00,https://www.rbc.ru/rbcfreenews/678803b89a794771921652a3,2025-01-15 22:53:34.874543,political,0
d6dd19ea-6a3a-42be-8093-64a4dd7dbc1a,ЦАХАЛ объявила о подготовке к приему освобожденных из Газы заложников,2025-01-15 00:00:00,https://www.rbc.ru/rbcfreenews/6787fcf69a7947f8807b680b,2025-01-15 22:53:34.874543,political,1
ce687000-5b0a-47c7-9628-e2cb8c6a7e0e,SCMP узнал об отказе дочери Трампа и ее мужа переехать в Белый дом,2025-01-15 00:00:00,https://www.rbc.ru/rbcfreenews/6787f74a9a7947b5ff25466b,2025-01-15 22:53:34.874543,political,0
d06fa6fb-ff29-4edb-a33d-313fd4db2a2f,NYT оценила эффект от закрытия «экономической артерии» на Украине,2025-01-15 00:00:00,https://www.rbc.ru/politics/15/01/2025/6787df519a79478f068dce8e,2025-01-15 22:53:34.874543,political,1
227df2af-f7c5-4796-a9e2-ca5471c63bbf,Гладков сообщил о повреждениях при обстреле села Тишанка,2025-01-15 00:00:00,https://www.rbc.ru/rbcfreenews/6787fbf49a79476a360608f6,2025-01-15 22:53:34.874543,political,-1
8aa015d1-5ced-493a-82d7-d92055898b03,Губернатор рассказал об эффективности дрона с оптоволоконной связью,2025-01-15 00:00:00,https://www.rbc.ru/rbcfreenews/6787f6369a79472c03a35fcb,2025-01-15 22:53:34.874543,political,0
a566cf43-4121-4907-b20a-4b5d0bd79502,"Кандидат в госсекретари США заявил, что «у Киева кончаются украинцы»",2025-01-15 00:00:00,https://www.rbc.ru/politics/15/01/2025/6787f2b49a79474450f21e92,2025-01-15 22:53:34.874543,political,0
299212da-5486-4682-a29f-afa3b951c92f,В Будапеште рассказали о планах Орбана на день инаугурации Трампа,2025-01-15 00:00:00,https://www.rbc.ru/rbcfreenews/6787ef0f9a79475dbca8fb2e,2025-01-15 22:53:34.874543,political,0
64399fe5-f040-4a13-8795-c66d1550f251,Зеленский подписал закон о базовой военной службе вместо срочной,2025-01-15 00:00:00,https://www.rbc.ru/rbcfreenews/6787dbe09a79472b31775c23,2025-01-15 22:53:34.874543,political,0
7222ea44-e675-491c-b506-5762eaf57616,Балицкий сообщил об увольнении главы правительства Запорожской области,2025-01-15 00:00:00,https://www.rbc.ru/rbcfreenews/6787e9359a79471af061ef00,2025-01-15 22:53:34.874543,political,0
f72e305e-172c-4bd9-a372-60663c07bfff,Трамп анонсировал сделку Израиля и ХАМАС,2025-01-15 00:00:00,https://www.rbc.ru/politics/15/01/2025/6787ec459a79471740f79062,2025-01-15 22:53:34.874543,political,1
da3ef149-f3b3-4c57-b0ea-f98294459a1a,Израиль заявил о прогрессе в переговорах с ХАМАС,2025-01-15 00:00:00,https://www.rbc.ru/politics/15/01/2025/6787e5d69a794718d1cbf3db,2025-01-15 22:53:34.874543,political,0
eefc1ca9-17c1-4668-ab13-32d3a83ab399,Туск назвал наилучшие гарантии безопасности для Украины после конфликта,2025-01-15 00:00:00,https://www.rbc.ru/rbcfreenews/6787dd009a7947d97abc22c5,2025-01-15 22:53:34.874543,political,-1
64913fc9-5535-4d20-b520-563d0d2c0537,Киев отказался от альтернативы членству в НАТО,2025-01-15 00:00:00,https://www.rbc.ru/politics/15/01/2025/6787d7649a79475f42404d54,2025-01-15 22:53:34.874543,political,-1
42dec6ee-1a67-4637-9446-b1568f7c1749,Эксперты Давосского форума назвали главные риски 2025 года,2025-01-15 00:00:00,https://www.rbc.ru/politics/15/01/2025/6787c2249a7947c68a905c4b,2025-01-15 22:53:34.874543,political,0
ac7bdf33-2afa-4e6e-98c1-12d717647477,"Фицо предложил наказание для школьника, не пожавшего руку президенту",2025-01-15 00:00:00,https://www.rbc.ru/rbcfreenews/6787d3c49a7947fbefcd2350,2025-01-15 22:53:34.874543,political,0
b00757f1-637e-49e3-9bfd-2a7e22323507,"Киселев заявил, что не понял, какие его слова задели «армянских братьев»",2025-01-15 00:00:00,https://www.rbc.ru/rbcfreenews/6787d4d59a794771f24a742a,2025-01-15 22:53:34.874543,political,0
67d2762d-ff2b-47a4-a359-3431f6249c6d,Импорт Китаем сырой нефти из России стал рекордным в 2024 году,2025-01-20 00:00:00,https://www.rbc.ru/economics/20/01/2025/678e3a8a9a794740d1434c1c,2025-01-20 22:22:22.514939,economic,1
fe87a3c8-397e-4457-a238-bf149ab05bae,Власти запланировали создать рынок платной статистики,2025-01-20 00:00:00,https://www.rbc.ru/economics/20/01/2025/678e26f99a7947cd50272818,2025-01-20 22:22:22.514939,economic,0
a2e0115d-b8c1-4f72-b5c1-908d165ccf8d,"Politico узнала, что Трамп подталкивает ЕС к выбору между США и Китаем",2025-01-20 00:00:00,https://www.rbc.ru/economics/20/01/2025/678e2ea69a7947f6dfe3224d,2025-01-20 22:22:22.514939,economic,0
8ebb271a-107f-4a46-beca-72e7c596881e,Китай в 2024 году нарастил закупки нефти и СПГ из России,2025-01-20 00:00:00,https://www.rbc.ru/rbcfreenews/678dc1469a7947531044d64b,2025-01-20 22:22:22.514939,economic,1
3a733eb3-500d-4c23-a4d8-4bfa134ae54f,В России вступил в силу приказ о скидке 50% на авиабилеты для детей,2025-01-20 00:00:00,https://www.rbc.ru/rbcfreenews/678d91e89a7947bc8a10c5a1,2025-01-20 22:22:22.514939,economic,0
c7aa5ba6-3a21-4d71-8877-ef501598a689,В Европе увидели угрозу экономике в возвращении украинских беженцев домой,2025-01-20 00:00:00,https://www.rbc.ru/economics/20/01/2025/678d740f9a7947174912caad,2025-01-20 22:22:22.514939,economic,0
c458f97c-25e3-4e42-bda7-d5eb7783c147,Депутат Бессараб напомнила о важности индексации пенсий,2025-01-19 00:00:00,https://www.rbc.ru/rbcfreenews/678d17cb9a7947e6dac58d42,2025-01-20 22:22:22.514939,economic,0
1c3140ef-2f7a-434a-9bc8-e893b22f8a30,Костин заявил о необходимости «убить» SWIFT,2025-01-19 00:00:00,https://www.rbc.ru/rbcfreenews/678ccefc9a7947e511049a92,2025-01-20 22:22:22.514939,economic,0
247cbcd5-4761-44a8-aaf2-7d36d5a93cf9,"Россия втрое уменьшила экспорт овощей, фруктов и орехов в ЕС",2025-01-19 00:00:00,https://www.rbc.ru/rbcfreenews/678cbd4b9a794737651a227b,2025-01-20 22:22:22.514939,economic,1
d80bf394-0fc7-43fe-a033-62e1d7e61b4a,Ефимов рассказал об определении инвесторов для 14 проектов на конкурсах,2025-01-18 00:00:00,https://www.rbc.ru/rbcfreenews/678a57e09a7947c54eb7be66,2025-01-20 22:22:22.514939,economic,0
e22e79ce-a479-40a6-812f-53de784d1f6b,"Трамп vs Байден: при ком было лучше доллару, акциям и экономике США",2025-01-18 00:00:00,https://www.rbc.ru/economics/18/01/2025/6784ff519a79478ff580044a,2025-01-20 22:22:22.514939,economic,0
098741f9-ec78-4995-9ddb-fb705054f787,Минфин США объявил о чрезвычайных мерах против дефолта через три дня,2025-01-18 00:00:00,https://www.rbc.ru/economics/18/01/2025/678ad3e79a79474db7922d30,2025-01-20 22:22:22.514939,economic,0
b2bcda51-dd27-4157-ad52-082b1eaeae90,Россия и Иран согласовали маршрут газопровода через Азербайджан,2025-01-17 00:00:00,https://www.rbc.ru/economics/17/01/2025/678a7d589a7947bcaf20c7c4,2025-01-20 22:22:22.514939,economic,1
390772a2-5751-4122-a7c0-17beb844b38d,Путин призвал к «конкретным делам» в торговле с Ираном,2025-01-17 00:00:00,https://www.rbc.ru/economics/17/01/2025/678a6d419a79474df412a624,2025-01-20 22:22:22.514939,economic,0
2c68cd8c-bfb2-4156-b0b6-c0e7fa5beb4a,Глава Приднестровья обратился к Санду из-за газа: «сдержите слово»,2025-01-17 00:00:00,https://www.rbc.ru/rbcfreenews/678a50129a79472aae8d15e9,2025-01-20 22:22:22.514939,economic,0
83f8e7e4-35d9-473d-892a-65cddba5e29a,Россельхознадзор запретил ввоз продукции животноводства из ЕС из-за ящура,2025-01-17 00:00:00,https://www.rbc.ru/rbcfreenews/678a40139a7947d580753dc7,2025-01-20 22:22:22.514939,economic,1
d7f466d3-67d9-4ff4-a1bc-f0ab1d0bbdf4,ЕС импортировал «беспрецедентный объем» российского СПГ,2025-01-17 00:00:00,https://www.rbc.ru/economics/17/01/2025/678a3f2a9a7947d342d39dd5,2025-01-20 22:22:22.514939,economic,1
003b2f4a-426c-4db5-900e-faefa14a2874,Акцию по бесплатному проезду электромобилей продлили на 2025 год,2025-01-17 00:00:00,https://www.rbc.ru/rbcfreenews/678a30299a794764e1765e55,2025-01-20 22:22:22.514939,economic,1
4892e957-264b-4911-b337-667ec7212180,Население Китая сократилось третий год подряд,2025-01-17 00:00:00,https://www.rbc.ru/economics/17/01/2025/678a18549a7947914aceb35d,2025-01-20 22:22:22.514939,economic,1
3bd0b4f9-0c27-42f1-ba58-79a2487eb3fb,Сокращение поставок нефти и газа Норвегией связали с «рассветом России»,2025-01-17 00:00:00,https://www.rbc.ru/economics/17/01/2025/678a0ee99a7947839e6ad0f0,2025-01-20 22:22:22.514939,economic,0
dba89bec-f596-4f2d-9286-17d8ad7703d1,ЦБ опустил официальный курс доллара США ниже ₽102,2025-01-20 00:00:00,https://www.rbc.ru/quote/news/article/678ddc639a794796a4d5636a,2025-01-20 22:23:09.627041,economic,0
f1f8601b-79e7-4d4b-9ed6-882b0f228dc5,«Т-Инвестиции» расширили список торгуемых заблокированных бумаг,2025-01-20 00:00:00,https://www.rbc.ru/quote/news/article/678e1d3e9a7947325811c0ad,2025-01-20 22:23:09.627041,economic,1
d9ab7bc0-f7ae-411b-b529-a86141f06303,"Инаугурация Трампа, индекс Мосбиржи, акции застройщиков: дайджест",2025-01-20 00:00:00,https://www.rbc.ru/quote/news/article/678dd48d9a7947a0832181dc,2025-01-20 22:23:09.627041,economic,0
d82f4035-1072-48df-8c2a-9ad2bda2854b,Инвесторы пожаловались властям на налоговые последствия по X5 и «Русагро»,2025-01-20 00:00:00,https://www.rbc.ru/quote/news/article/678a39e49a79479d59610b2f,2025-01-20 22:23:09.627041,economic,0
e715cde7-c862-4d5f-af64-579405a19acc,Самые богатые люди мира: топ-10 миллиардеров на начало 2025 года,2025-01-19 00:00:00,https://www.rbc.ru/quote/card/63d3e3309a7947b229435580,2025-01-20 22:23:09.627041,economic,1
ce5fe269-feab-4423-8b64-ec85da9182ba,Девальвация: что это и грозит ли она рублю в 2025 году,2025-01-19 00:00:00,https://www.rbc.ru/quote/news/article/619785cc9a79472c6c0ec5e7,2025-01-20 22:23:09.627041,economic,0
a94db70a-778c-46b6-881d-1a39781b1cad,Дивидендный календарь — 2025: даты выплат по акциям российских компаний,2025-01-19 00:00:00,https://www.rbc.ru/quote/news/article/65a9067f9a7947ae1f20b6cf,2025-01-20 22:23:09.627041,economic,1
f7eeb9d5-22d6-40eb-bcb5-386875e2d7c8,Топ-10 самых высоких ставок по накопительным счетам до 23% годовых,2025-01-18 00:00:00,https://www.rbc.ru/quote/news/article/6786178d9a79473c0157593a,2025-01-20 22:23:09.627041,economic,0
acea5cc5-8833-447a-afd1-7a67e0a182b2,«Сжатая пружина выстрелит»: как инвестору отыграть инаугурацию Трампа,2025-01-18 00:00:00,https://www.rbc.ru/quote/news/article/6787dabe9a7947c8cbe2d7c6,2025-01-20 22:23:09.627041,economic,0
c356d992-0b45-48b6-9599-675b4810379b,Акции застройщиков выросли за день на 15%: почему и что будет дальше,2025-01-17 00:00:00,https://www.rbc.ru/quote/news/article/678a46129a79473ab8b8da2b,2025-01-20 22:23:09.627041,economic,1
0f76ad01-14ee-4d77-93ed-e1fcbe02b300,ЦБ повысил официальный курс доллара США и снизил курс евро,2025-01-17 00:00:00,https://www.rbc.ru/quote/news/article/6789e9569a7947d9d48fe4f9,2025-01-20 22:23:09.627041,economic,0
478c3f73-46d4-46e5-9248-7fccdc718c4e,"ЦБ Норвегии начал поиск кандидатов в главы фонда с активами на $1,8 трлн",2025-01-17 00:00:00,https://www.rbc.ru/quote/news/article/678a507f9a794725b4ef8936,2025-01-20 22:23:09.627041,economic,0
7054bee6-b5d1-47a2-94d5-40713faabab8,Московский кредитный банк снизил ставки по ряду вкладов,2025-01-17 00:00:00,https://www.rbc.ru/quote/news/article/678a57919a7947379249884e,2025-01-20 22:23:09.627041,economic,1
f778cb44-621d-4743-8015-254268f03223,Брокер Райффайзенбанка повысит комиссию за покупку бумаг на бирже до 3%,2025-01-17 00:00:00,https://www.rbc.ru/quote/news/article/678a52e79a79471bd7672156,2025-01-20 22:23:09.627041,economic,1
08b320ec-327a-4d10-8da1-efbba15d7ae4,Bank of America назвал 7 возможных сюрпризов для инвесторов в 2025 году,2025-01-17 00:00:00,https://www.rbc.ru/quote/news/article/678a175e9a7947061d956113,2025-01-20 22:23:09.627041,economic,1
703008c7-5317-4396-9af7-7d5d0af00c2c,"Нефтегазовые доходы в 2024 году возросли на 26,2 процента, иные выросли на 26,2",2025-01-20 00:00:00,https://ria.ru/20250120/minfin-1994708905.html,2025-01-20 22:23:49.27812,economic,1
f5ae0c73-60f9-420f-8a4a-7fd4bc043d7b,"Нефть дешевеет на 1-1,5% перед инаугурацией Трампа",2025-01-20 00:00:00,https://ria.ru/20250120/neft-1994690308.html,2025-01-20 22:23:49.27812,economic,0
7586e38b-96ad-48e6-8d1f-da01bb550c14,Золото подешевело перед началом церемонии инаугурации Трампа,2025-01-20 00:00:00,https://ria.ru/20250120/zoloto-1994689965.html,2025-01-20 22:23:49.27812,economic,1
b5d1007c-5cee-4edf-bf2b-20f7f30e2b68,Эрдоган рассчитывает на переговоры с Путиным по газу для Словакии на этой неделе,2025-01-20 00:00:00,https://ria.ru/20250120/erdogan-1994688919.html,2025-01-20 22:23:49.27812,economic,0
040ec259-6534-450d-a78c-461bdb1c9fdd,Азербайджан возобновил приостановленные 7 января поставки газа в Болгарию,2025-01-20 00:00:00,https://ria.ru/20250120/gaz-1994670783.html,2025-01-20 22:23:49.27812,economic,0
ebde809a-6cf3-41fb-afa2-cf9aefd4b3f3,FT: победа Трампа изменила повестку Всемирного экономического форума в Давосе,2025-01-20 00:00:00,https://ria.ru/20250120/pobeda-1994659032.html,2025-01-20 22:23:49.27812,economic,0
7c3c3fac-ca6d-4991-bc76-44631bc4b909,Депутат Полуянова: курс доллара не изменится в связи с инаугурацией Трампа,2025-01-20 00:00:00,https://ria.ru/20250120/dollar-1994636434.html,2025-01-20 22:23:49.27812,economic,0
1ba239ba-8582-4d35-927b-9cf319114d75,Reuters: возвращение Трампа может привести к разморозке западных активов в РФ,2025-01-20 00:00:00,https://ria.ru/20250120/aktivy-1994623486.html,2025-01-20 22:23:49.27812,economic,0
0620c1df-4225-452c-8eb4-8b71069e4699,Министр экономического развития ПМР Оболоник: газа в регионе хватит на 11 дней,2025-01-20 00:00:00,https://ria.ru/20250120/pridnestrove-1994588997.html,2025-01-20 22:23:49.27812,economic,0
7c8a1ab1-3ab8-4943-a613-cd7e6a00cfd1,Монголия утвердила квоты на импорт животноводческой продукции на 2025 год,2025-01-20 00:00:00,https://ria.ru/20250120/kvoty-1994576018.html,2025-01-20 22:23:49.27812,economic,1
e692234d-9fd5-4db7-a555-ab8254bd21ec,После чаепития с четой Байденов в Белом доме Трамп отправится на инаугурацию,2025-01-20 00:00:00,https://ria.ru/20250120/inauguratsiya-1994673503.html,2025-01-20 22:29:28.064313,political,0
2173ed41-f998-4b36-aa3e-5a3b56e57e90,Володин предложил подготовить межфракционную инициативу о запрете вейпов,2025-01-20 00:00:00,https://ria.ru/20250120/volodin-1994663757.html,2025-01-20 22:29:28.064313,political,0
ba2ecfc1-eaf4-401f-a470-6c0d5b16a004,"Путин: Россия исходит из того, что диалог с США будет на равноправной основе",2025-01-20 00:00:00,https://ria.ru/20250120/putin-1994658302.html,2025-01-20 22:29:28.064313,political,0
3c6a96a5-e82c-4e4b-8ab9-b70741f64008,Путин: самое главное в урегулировании на Украине это устранить первопричины,2025-01-20 00:00:00,https://ria.ru/20250120/putin-1994654663.html,2025-01-20 22:29:28.064313,political,0
969ec35c-aa13-4f7f-88d7-268f14b57e21,"Путин: власти продолжат бороться за интересы российского народа, это смысл СВО",2025-01-20 00:00:00,https://ria.ru/20250120/putin-1994653010.html,2025-01-20 22:29:28.064313,political,0
46f990c4-5c77-488c-9870-962925fafaf9,Путин: Россия никогда не отказывалась от диалога с любой администрацией США,2025-01-20 00:00:00,https://ria.ru/20250120/putin-1994651103.html,2025-01-20 22:29:28.064313,political,0
5dd733f0-3fd5-4af3-8c61-d929388aa67b,Путин на заседании с членами Совбеза попросил Лаврова доложить о ситуации в США,2025-01-20 00:00:00,https://ria.ru/20250120/putin-1994650832.html,2025-01-20 22:29:28.064313,political,0
ae05b79a-1e8d-4d8d-8040-1d56dace36fb,Путин предложил членам Совбеза обсудить ситуацию в чувствительных регионах РФ,2025-01-20 00:00:00,https://ria.ru/20250120/putin-1994650591.html,2025-01-20 22:29:28.064313,political,0
00ae98ab-9e64-4c93-a903-ac1637a55aca,Путин проводит совещание с членами Совбеза РФ,2025-01-20 00:00:00,https://ria.ru/20250120/putin-1994650145.html,2025-01-20 22:29:28.064313,political,1
6959b327-a3a2-4089-a11f-2d8f21bc8fec,Лавров и глава МИД Армении обсудят двусторонние отношения на встрече 21 января,2025-01-20 00:00:00,https://ria.ru/20250120/armeniya-1994639984.html,2025-01-20 22:29:28.064313,political,0
29773394-e797-49a5-8aea-8babf73e71db,"Глава МИД Армении отправился с визитом в Москву, где встретится с Лавровым",2025-01-20 00:00:00,https://ria.ru/20250120/armeniya-1994636241.html,2025-01-20 22:29:28.064313,political,0
0407f21e-dcee-4e9f-8ea7-1a2e54e7c96c,Политолог Дугин: соглашение с Ираном усилит позиции России в диалоге с США,2025-01-20 00:00:00,https://ria.ru/20250120/dugin-1994631759.html,2025-01-20 22:29:28.064313,political,1
41504894-2c9f-404c-aaf8-f5a1947697cb,ABC News: Трамп собрал рекордные 250 млн долларов на инаугурационные мероприятия,2025-01-20 00:00:00,https://ria.ru/20250120/tramp-1994622046.html,2025-01-20 22:29:28.064313,political,0
b8d84435-4ce1-4291-a2ef-22e4b1b2f10b,Хинштейн возмутился отпуском в Индии курской чиновницы Ирины Мусьял,2025-01-20 00:00:00,https://ria.ru/20250120/hinshtejn-1994617834.html,2025-01-20 22:29:28.064313,political,1
301ccb72-1f71-4db2-a38d-d79ceef4fe93,Володин поручил разработать поправку о праве субъектов определять модель МСУ,2025-01-20 00:00:00,https://ria.ru/20250120/volodin-1994617296.html,2025-01-20 22:29:28.064313,political,1
132a3501-810a-4dcf-bbb8-890a7fb55fb9,"WSJ: речь Трампа на инаугурации будет оптимистичнее, чем перед первым сроком",2025-01-20 00:00:00,https://ria.ru/20250120/tramp-1994610908.html,2025-01-20 22:29:28.064313,political,0
c889e86e-df8b-4fe5-b193-686329be286a,GT: телефонный разговор Си Цзиньпина и Трампа задал тон отношениям Китая и США,2025-01-20 00:00:00,https://ria.ru/20250120/kitay-1994600474.html,2025-01-20 22:29:28.064313,political,0
53b476b0-bb43-437b-80db-c5e2e7efa587,Навроцкий: упрощенное вступление Украины в ЕС угрожает экономике Польши,2025-01-20 00:00:00,https://ria.ru/20250120/ukraina-1994596563.html,2025-01-20 22:29:28.064313,political,0
6132b54c-8a0c-43b7-8494-3830648012d6,«Революция здравого смысла». О чем Трамп говорил в инаугурационной речи,2025-01-20 00:00:00,https://www.rbc.ru/politics/20/01/2025/678e980a9a79471844173ad0,2025-01-20 22:30:25.290017,political,1
42ef50ac-becd-41a6-bd79-d55ff56c6a9f,Фицо рассказал Эрдогану о своей встрече с Путиным,2025-01-20 00:00:00,https://www.rbc.ru/politics/20/01/2025/678e7c3d9a7947655ceee6bb,2025-01-20 22:30:25.290017,political,0
0ab4a47b-a7d4-4ca0-9cc1-daff51acab55,"Трамп в инаугурационной речи не упомянул ни Россию, ни Украину",2025-01-20 00:00:00,https://www.rbc.ru/rbcfreenews/678e8f579a79470720d6f822,2025-01-20 22:30:25.290017,political,0
6f6a7660-2602-44b2-bb28-be034e525c89,Президенты и миллиардеры на инаугурации Трампа. Фото,2025-01-20 00:00:00,https://www.rbc.ru/rbcfreenews/678e85199a79477cf0c74a4a,2025-01-20 22:30:25.290017,political,0
5e9f44c3-00bc-4ebe-af4d-a8480237b767,Кадры присяги вице-президента США Джей Ди Вэнса,2025-01-20 00:00:00,https://www.rbc.ru/rbcfreenews/678e83b59a79470e9aaa7a0a,2025-01-20 22:30:25.290017,political,0
b9b8a144-9af6-40b3-ad0f-d4ccf8585a18,Трамп объявил ЧП в сфере энергетики США,2025-01-20 00:00:00,https://www.rbc.ru/rbcfreenews/678e88429a79479c22eb5304,2025-01-20 22:30:25.290017,political,1
563415b8-a7ff-432c-a3d0-2b68b592f534,Трамп пообещал вернуть Панамский канал: мы его отдавали не Китаю,2025-01-20 00:00:00,https://www.rbc.ru/politics/20/01/2025/678e8e2e9a7947290352581c,2025-01-20 22:30:25.290017,political,0
92aef582-5ded-4660-8aca-51c2374983db,Трамп объявил о переименовании Мексиканского залива в Американский,2025-01-20 00:00:00,https://www.rbc.ru/rbcfreenews/678e8dd29a7947c6d4faf1c9,2025-01-20 22:30:25.290017,political,1
8607d215-b45e-44e2-a439-e255700f9954,США выйдут из Парижского соглашения по климату,2025-01-20 00:00:00,https://www.rbc.ru/politics/20/01/2025/678e8bf09a79475efc26e49a,2025-01-20 22:30:25.290017,political,0
5120d112-844b-4033-a3d5-77e99c257bf6,Трамп объявил о подготовке миссии США на Марс,2025-01-20 00:00:00,https://www.rbc.ru/politics/20/01/2025/678e8a229a79472d12baf898,2025-01-20 22:30:25.290017,political,1
eaf68224-4d11-4250-817f-688423adba8f,Кадры присяги Трампа на пост президента США,2025-01-20 00:00:00,https://www.rbc.ru/politics/20/01/2025/678e8a199a7947291655a4f7,2025-01-20 22:30:25.290017,political,0
1e889dee-4e54-4749-85b6-249ba406e371,Трамп заявил на инаугурации — «Я миротворец»,2025-01-20 00:00:00,https://www.rbc.ru/politics/20/01/2025/678e88df9a7947daa4cfbc80,2025-01-20 22:30:25.290017,political,0
51e73fa2-73f6-4550-934d-83016bcfa7cb,"Трамп объявил, что США признают только два гендера",2025-01-20 00:00:00,https://www.rbc.ru/politics/20/01/2025/678e88209a79471ea59ab568,2025-01-20 22:30:25.290017,political,1
3f6f0a29-ecdd-47dc-8d5c-fdebdcdeb5b4,Трамп пообещал объявить наркокартели террористическими организациями,2025-01-20 00:00:00,https://www.rbc.ru/rbcfreenews/678e87f69a7947390943ecf9,2025-01-20 22:30:25.290017,political,1
94501c67-b4df-41e8-94dd-1ded878948dc,Трамп пообещал «исторические указы» для «революции здравого смысла»,2025-01-20 00:00:00,https://www.rbc.ru/rbcfreenews/678e86d59a794749e480c75f,2025-01-20 22:30:25.290017,political,0
4231b195-4ee5-48ee-a7c2-8c16b39b0e0f,На инаугурацию Трампа пришли три бывших президента,2025-01-20 00:00:00,https://www.rbc.ru/politics/20/01/2025/678e836c9a7947561d2a9dbc,2025-01-20 22:30:25.290017,political,0
d1732857-4a70-4032-be11-f6c4f55977b9,Видео с первыми минутами Трампа на должности президента США,2025-01-20 00:00:00,https://www.rbc.ru/politics/20/01/2025/678e843c9a79478226c2783d,2025-01-20 22:30:25.290017,political,0
ac8fb96c-96f7-4df3-bd8c-be0f14452169,Шварценеггер опроверг слухи об отъезде из США в связи с победой Трампа,2025-01-20 00:00:00,https://www.rbc.ru/rbcfreenews/678e814b9a794721a9e6e608,2025-01-20 22:30:25.290017,political,0
ce5b56df-ce1e-4fdc-882d-66dd9cbdbbb4,Трамп объявил о начале «золотого века Америки»,2025-01-20 00:00:00,https://www.rbc.ru/politics/20/01/2025/678e84119a79470f6b6639a5,2025-01-20 22:30:25.290017,political,1
ab3d4820-804b-45bd-8c95-4221ed279964,Промышленный эксперт Хазанов: Трамп будет жестким в отношении экономики России,2025-01-20 00:00:00,https://ria.ru/20250120/tramp-1994712849.html,2025-01-20 23:13:51.22598,economic,1
3f04428c-22a7-4477-ae68-49947c6d5799,"Политолог Давыдова: США, скорее всего, сохранят санкции на энергоресурсы России",2025-01-20 00:00:00,https://ria.ru/20250120/sanktsii-1994710844.html,2025-01-20 23:13:51.22598,economic,1
97889876-69ca-40e3-b3b8-2871fc879de7,Байден покинул Вашингтон после инаугурации Трампа,2025-01-20 00:00:00,https://www.rbc.ru/rbcfreenews/678ea5d49a79475a8fb154c7,2025-01-20 23:15:49.537677,political,0
f7a5ba36-5d9e-46d8-ba2d-fcb41066db2b,На воронежской нефтебазе в Лисках снова возник пожар из-за дрона,2025-01-20 00:00:00,https://www.rbc.ru/politics/20/01/2025/678ea8af9a7947c4adfbc0fd,2025-01-20 23:15:49.537677,political,-1
0e5ede7c-9edb-4a81-b514-22eb5a22f125,Речь Трампа на инаугурации полностью на русском языке. Видео,2025-01-20 00:00:00,https://www.rbc.ru/politics/20/01/2025/678ea70f9a79472a8c3760de,2025-01-20 23:15:49.537677,political,0
affbe10b-afa3-4f6c-b63c-9b76dd21ed76,Новая администрация США закрыла приложение для мигрантов,2025-01-20 00:00:00,https://www.rbc.ru/rbcfreenews/678ea4509a79473b625105d5,2025-01-20 23:15:49.537677,political,0
a42062dd-cfa8-4a10-b55a-e7911f386bd9,Зеленский оценил приход к власти Трампа словами о готовности к миру,2025-01-20 00:00:00,https://www.rbc.ru/politics/20/01/2025/678e9db19a7947cd22655419,2025-01-20 23:15:49.537677,political,0
80039617-62d6-4e7f-aec0-5b201eaf50f6,Bloomberg узнал о возможном закрытии азиатских НПЗ из-за санкций США,2025-01-23 00:00:00,https://www.rbc.ru/economics/23/01/2025/679232df9a794799787bf1fb,2025-01-23 19:40:43.112357,economic,1
d056c97f-cc81-483f-8e69-d1486274e791,Венгрия предложила Словакии вариант с поставками газа,2025-01-23 00:00:00,https://www.rbc.ru/rbcfreenews/679204c09a79473368616606,2025-01-23 19:40:43.112357,economic,0
529ac66c-891c-4a2f-976a-7077d43e9a17,Что происходило в торговле России и Китая в 2024 году,2025-01-23 00:00:00,https://www.rbc.ru/economics/23/01/2025/6790fa3e9a7947ca6e9d4c1c,2025-01-23 19:40:43.112357,economic,1
78ccc2bc-fc3b-4015-8701-bbbea5070fb4,Ефимов анонсировал начало работ на 8 проектах редевелопмента в 2025 году,2025-01-23 00:00:00,https://www.rbc.ru/rbcfreenews/679110ca9a79474f7afb3b76,2025-01-23 19:40:43.112357,economic,1
dc0aceac-3975-4e0a-b12a-354f8a27566d,"ЦБ объяснил, почему инфляция за год разогналась выше прогноза",2025-01-23 00:00:00,https://www.rbc.ru/economics/23/01/2025/6790bf999a794709ab9b853f,2025-01-23 19:40:43.112357,economic,1
603af988-6f81-4b49-bff4-495a51d83ece,Путин назвал успешным 2024 год для российской экономики,2025-01-22 00:00:00,https://www.rbc.ru/rbcfreenews/679100689a7947628f9dbf4b,2025-01-23 19:40:43.112357,economic,1
18f58912-143a-4d5a-a7a3-e081bd8c2855,Товарно-сырьевая биржа создаст Национальное биржевое ценовое агентство,2025-01-22 00:00:00,https://www.rbc.ru/economics/22/01/2025/6790db299a79475aee186690,2025-01-23 19:40:43.112357,economic,1
54e54fc9-2955-4d4e-8ace-7d6fb08a15c7,Ефимов рассказал о планах реорганизации части бывшей промзоны «Курьяново»,2025-01-22 00:00:00,https://www.rbc.ru/rbcfreenews/678fbb4b9a7947653d2b6700,2025-01-23 19:40:43.112357,economic,0
f1f137be-0cda-445e-9dfe-12e19c918556,Путин поручил урегулировать «переезд» компаний из недружественных стран,2025-01-22 00:00:00,https://www.rbc.ru/economics/22/01/2025/678e325c9a7947b396c39e1e,2025-01-23 19:40:43.112357,economic,1
1fcf8d49-add4-4a25-8f3e-1933d6e67ed5,Росстат назвал самые подорожавшие продукты за 2024 год,2025-01-22 00:00:00,https://www.rbc.ru/economics/22/01/2025/678fb81c9a7947362b351587,2025-01-23 19:40:43.112357,economic,1
00388dd5-6a6d-4032-a9e1-8b14594e76a6,"В ООН сообщили, что долг США перед организацией составляет $2,8 млрд",2025-01-22 00:00:00,https://www.rbc.ru/rbcfreenews/6790118b9a7947e3597613fa,2025-01-23 19:40:43.112357,economic,0
ca48523b-cb63-4efa-80f3-668cd6c0474e,«СберИндекс» оценил средние потребительские расходы россиян,2025-01-22 00:00:00,https://www.rbc.ru/economics/22/01/2025/678f4e6b9a7947c52c9ac47c,2025-01-23 19:40:43.112357,economic,1
236909f5-202d-467c-b450-95c6a8714b23,Миллиардер предупредил о грозящей Британии «долговой спирали смерти»,2025-01-21 00:00:00,https://www.rbc.ru/economics/21/01/2025/678f792e9a79478db1f393a2,2025-01-23 19:40:43.112357,economic,0
10c7cf78-6e0f-4a6e-84df-1d9edb09b368,КС предписал изменить подход к налогам при выходе участника из компании,2025-01-21 00:00:00,https://www.rbc.ru/economics/21/01/2025/678f57139a7947b80538af8b,2025-01-23 19:40:43.112357,economic,0
d68bb289-dc60-4c79-a781-1dc727c661ee,Ефимов сообщил о выделении более 20 га в ЗАО на масштабные инвестпроекты,2025-01-21 00:00:00,https://www.rbc.ru/rbcfreenews/678e7a3e9a79475ccc810dd4,2025-01-23 19:40:43.112357,economic,0
404a3448-8b92-4c9d-be74-1d702210aa91,Ефимов сообщил о принятии Москвой 50 решений о редевелопменте в 2024 году,2025-01-21 00:00:00,https://www.rbc.ru/rbcfreenews/678e658b9a7947298bb1f8ff,2025-01-23 19:40:43.112357,economic,0
3bdd9bd2-13cf-4e13-a4ad-f12f26c8f536,Власти понизили план по инвестициям на фоне высокой ставки,2025-01-21 00:00:00,https://www.rbc.ru/economics/21/01/2025/678e01319a79471caae4c6f4,2025-01-23 19:40:43.112357,economic,0
6bf222f3-16f4-4f2b-b166-6b96375e7309,Трамп поставил слово «пошлины» в один ряд с любовью и богом,2025-01-21 00:00:00,https://www.rbc.ru/rbcfreenews/678eeb589a7947e8c015ece0,2025-01-23 19:40:43.112357,economic,0
7451dca7-3aa9-40ae-847d-d45f8b4d77a9,"Что такое ИСЖ, чем отличается от НСЖ, плюсы и минусы",2025-01-23 00:00:00,https://www.rbc.ru/quote/news/article/66b46bd29a794726644df0a1,2025-01-23 19:41:24.279849,economic,0
e50514ec-776b-4e01-a7aa-d10ee0881a0e,ЦБ отметил снижение средней ставки по вкладам в 10 крупнейших банках,2025-01-23 00:00:00,https://www.rbc.ru/quote/news/article/679233ee9a79476695c4b90a,2025-01-23 19:41:24.279849,economic,1
07465875-d396-46f8-a55e-0c444773ebc2,Брокер «Сбера» составил портрет российского инвестора-подростка,2025-01-23 00:00:00,https://www.rbc.ru/quote/news/article/679220c19a79471be157e5a3,2025-01-23 19:41:24.279849,economic,1
d7fe8220-4b6e-4950-a025-e15256511ac8,Акции «Софтлайна» упали на 6% после новостей о претензиях кредитора,2025-01-23 00:00:00,https://www.rbc.ru/quote/news/article/67922d509a79470c5c8f9776,2025-01-23 19:41:24.279849,economic,-1
75bd7c65-8fc0-4e20-9aa1-709018b8f76f,«ВТБ Мои Инвестиции» добавили акции «ИКС 5» в топ-10 российских акций,2025-01-23 00:00:00,https://www.rbc.ru/quote/news/article/6791db9b9a79472610e46ec2,2025-01-23 19:41:24.279849,economic,0
46dc2e94-6179-49c6-a8c3-5c0a8ebad6f8,ЦБ Турции снизил ключевую ставку до 45% годовых,2025-01-23 00:00:00,https://www.rbc.ru/quote/news/article/6791ed9e9a794755128a2b68,2025-01-23 19:41:24.279849,economic,0
7b189cdb-9a22-4c6b-b912-24d833fdfe5f,"Индекс Мосбиржи, акции «Сургутнефтегаза» и ВК: дайджест инвестора",2025-01-23 00:00:00,https://www.rbc.ru/quote/news/article/6791c8f79a79471924b18926,2025-01-23 19:41:24.279849,economic,1
5e1d0f1b-8d86-4f98-9099-1d44d8752f6e,Индекс S&P 500 обновил исторический рекорд,2025-01-22 00:00:00,https://www.rbc.ru/quote/news/article/678509bb9a794782e1d4b64b,2025-01-23 19:41:24.279849,economic,1
9040963d-2d1d-4d61-8992-47ed30cb6de4,Почему падает доллар: 7 причин текущего укрепления рубля и прогноз на год,2025-01-22 00:00:00,https://www.rbc.ru/quote/news/article/6790d3369a794755d7556310,2025-01-23 19:41:24.279849,economic,1
7d1de333-088d-44c1-90a6-bf85bb66be08,Официальный курс доллара США упал ниже ₽99 впервые за два месяца,2025-01-22 00:00:00,https://www.rbc.ru/quote/news/article/679081f59a7947f1ca5d38de,2025-01-23 19:41:24.279849,economic,0
0414d19a-76dd-4d46-ba91-540370d6e9ac,Что такое страховая пенсия: размер в 2025 году и формула расчета,2025-01-22 00:00:00,https://www.rbc.ru/quote/news/article/66b60ba29a7947be30eacb18,2025-01-23 19:41:24.279849,economic,0
9f5fc9aa-810b-41e0-bc7a-5439638d694e,Что такое прибыль: что и как влияет на финансовый результат,2025-01-22 00:00:00,https://www.rbc.ru/quote/news/article/641c2a0b9a79476954c19d42,2025-01-23 19:41:24.279849,economic,0
ba4ceac8-b7ed-4460-951c-c930c05e04ea,Мосбиржа сузит ценовые границы для акций и ОФЗ на утренних торгах,2025-01-22 00:00:00,https://www.rbc.ru/quote/news/article/678fe5e29a79470ed2e76ddf,2025-01-23 19:41:24.279849,economic,1
ab4f0612-10b2-4378-8118-8fb7dc3214a7,Товарно-сырьевая биржа запланировала запуск фьючерсов на бензин в феврале,2025-01-22 00:00:00,https://www.rbc.ru/quote/news/article/6790d8779a79471f66fbeb56,2025-01-23 19:41:24.279849,economic,1
10a2dc41-64ed-4aaf-a035-90a77c8fb70a,Товарно-сырьевая биржа заменит непроизносимое СПбМТСБ простыми словами,2025-01-22 00:00:00,https://www.rbc.ru/quote/news/article/6790d4399a7947be26a48204,2025-01-23 19:41:24.279849,economic,0
05aa7f26-7069-418e-a3a7-ce409cbf9d95,Игорь Шувалов: сегодня для предпринимателей открылись новые рыночные ниши,2025-01-23 00:00:00,https://ria.ru/20250123/igorshuvalov-1995203009.html,2025-01-23 19:42:00.5641,economic,0
cb48b378-2a3e-4bba-9fe7-35a43ed09ed2,Путин поручил пересмотреть нормативную базу по морским перевозкам нефти,2025-01-23 00:00:00,https://ria.ru/20250123/putin-1995183916.html,2025-01-23 19:42:00.5641,economic,1
30a99620-1f87-493a-b891-f55f02cce99b,Путин попросил экспертов спрогнозировать шаги для технологического прорыва,2025-01-23 00:00:00,https://ria.ru/20250123/putin-1995167459.html,2025-01-23 19:42:00.5641,economic,1
f28635df-8d65-4589-ba22-1c1964d54d16,Путин призвал предпринимателей к конкретным делам для технологического развития,2025-01-23 00:00:00,https://ria.ru/20250123/putin-1995163228.html,2025-01-23 19:42:00.5641,economic,0
3e86295f-8460-4a63-afae-3611a788ffe0,Путин призвал настроить механизм техсотрудничества для извлечения выгоды,2025-01-23 00:00:00,https://ria.ru/20250123/putin-1995151424.html,2025-01-23 19:42:00.5641,economic,0
96b8ebde-e9fa-44e1-85ae-d5031bba0ed4,Глава ФАС Шаскольский: цены на картофель выросли из-за низкой базы прошлого года,2025-01-23 00:00:00,https://ria.ru/20250123/kartofel-1995149191.html,2025-01-23 19:42:00.5641,economic,0
c1686949-1e3a-4656-93e1-d15f50b24e34,Путин заявил о важности роста молодежного технологического предпринимательства,2025-01-23 00:00:00,https://ria.ru/20250123/putin-1995141030.html,2025-01-23 19:42:00.5641,economic,1
01309e28-fb58-4677-b7da-8fce59c1f282,Путин призвал создать инструменты для роста качества жизни в малых городах,2025-01-23 00:00:00,https://ria.ru/20250123/putin-1995140318.html,2025-01-23 19:42:00.5641,economic,0
e15d2415-42d0-4640-b525-cdc779d6b023,На льготные кредиты аграрному бизнесу в 2025 году направят более 42 млрд рублей,2025-01-23 00:00:00,https://ria.ru/20250123/agrarii-1995136057.html,2025-01-23 19:42:00.5641,economic,1
3edcd0fe-b94d-49a3-ae89-57d82b5f4a16,Песков отметил участие АСИ во многих социально-экономических процессах,2025-01-23 00:00:00,https://ria.ru/20250123/peskov-1995118725.html,2025-01-23 19:42:00.5641,economic,1
44b5c9b8-f8e7-4d8d-9ada-511a36e6ebe7,Путин отошел с заседания АСИ из-за международного телефонного разговора,2025-01-23 00:00:00,https://ria.ru/20250123/putin-1995173338.html,2025-01-23 19:42:54.490375,political,1
8d63e8f2-ddb5-48da-989d-fc5f963ae91a,Путин сообщил о планах созвониться с губернатором Новгородской области Никитиным,2025-01-23 00:00:00,https://ria.ru/20250123/putin-1995171215.html,2025-01-23 19:42:54.490375,political,0
a7024b74-941f-4c6c-b0ba-c5955eec9222,В ГД направили проект о заморозке средств и имущества причастных к диверсиям,2025-01-23 00:00:00,https://ria.ru/20250123/gosduma-1995167318.html,2025-01-23 19:42:54.490375,political,0
a6761483-c4a7-40d0-964f-e47ab8f955c2,"Захарова: Россия откроет посольства в Нигере, Сьерра-Леоне и Южном Судане",2025-01-23 00:00:00,https://ria.ru/20250123/rossiya-1995147927.html,2025-01-23 19:42:54.490375,political,1
8147a636-edb0-41fd-991f-0eba1286de91,Путин: новая стратегия развития АСИ должна учитывать перемены в России и в мире,2025-01-23 00:00:00,https://ria.ru/20250123/putin-1995139851.html,2025-01-23 19:42:54.490375,political,1
93860ac0-4e50-4dd7-9349-3310c30d07c9,СБУ заочно предъявила обвинения трем российским генералам и двум полковникам,2025-01-23 00:00:00,https://ria.ru/20250123/sbu-1995136430.html,2025-01-23 19:42:54.490375,political,1
9bd1a417-b7c1-4e15-92a2-9e726c6bc633,Ковальчук: России надо быть сверхсильной для защиты своих интересов в Арктике,2025-01-23 00:00:00,https://ria.ru/20250123/kovalchuk-1995130042.html,2025-01-23 19:42:54.490375,political,1
232e3632-ea84-49a2-9257-187c6ea1748b,Немкин: история Несоевой говорит об отсутствии фактчекинга у либеральных СМИ,2025-01-23 00:00:00,https://ria.ru/20250123/gosduma-1995119768.html,2025-01-23 19:42:54.490375,political,1
7da52385-ad52-4197-be22-fadcb2f93601,Песков: Путин и Пашинян во время разговора не обсуждали работу Армении в ОДКБ,2025-01-23 00:00:00,https://ria.ru/20250123/putin-1995116751.html,2025-01-23 19:42:54.490375,political,0
1cfcbc8d-c238-4f29-a6c5-e586ff0d946e,Песков: переговоры Путина и Эрдогана могут быть согласованы за считанные часы,2025-01-23 00:00:00,https://ria.ru/20250123/putin-1995110245.html,2025-01-23 19:42:54.490375,political,0
99408b08-a5df-4303-a9cc-22fb99bce182,Песков: Россия продолжает контакты с Сирией по актуальным вопросам,2025-01-23 00:00:00,https://ria.ru/20250123/siriya-1995109696.html,2025-01-23 19:42:54.490375,political,0
e5eaa9a4-dfea-4ff6-8c25-28ca8b04c72d,Песков: Кремль может рассмотреть блогера Фридмана в качестве интервьюера Путина,2025-01-23 00:00:00,https://ria.ru/20250123/peskov-1995108406.html,2025-01-23 19:42:54.490375,political,0
862f4871-e15d-43f2-853e-2e4a1eb4282d,Песков: Путин посчитал целесообразным поздравить Трампа с инаугурацией,2025-01-23 00:00:00,https://ria.ru/20250123/peskov-1995107879.html,2025-01-23 19:42:54.490375,political,0
97f08aa6-4ab8-4700-b472-747b442966ad,Песков: Путин в четверг проведет международный телефонный разговор,2025-01-23 00:00:00,https://ria.ru/20250123/putin-1995107303.html,2025-01-23 19:42:54.490375,political,0
0441f526-1f0a-46ba-bf43-769b46c8e2a9,"Якушев: для депутатов, которые пройдут в Госдуму в 2026 году, введут новый KPI",2025-01-23 00:00:00,https://ria.ru/20250123/gosduma-1995053559.html,2025-01-23 19:42:54.490375,political,1
b8f149e1-ea5a-43ff-b7f1-18c58e08655d,Якушев: Участники СВО войдут в списки Единой России на выборах в Госдуму,2025-01-23 00:00:00,https://ria.ru/20250123/vybory-1995053413.html,2025-01-23 19:42:54.490375,political,1
4c548742-b2a4-4f78-87b6-6bcba009a3a0,"ЦИК Белоруссии: явка за два дня досрочного голосования составила 17,67%",2025-01-22 00:00:00,https://ria.ru/20250122/vybory-1995041472.html,2025-01-23 19:42:54.490375,political,0
001e064f-03a8-4866-b92c-b166aa55f16d,Путин 23 января проведет заседание набсовета АСИ по продвижению новых проектов,2025-01-22 00:00:00,https://ria.ru/20250122/putin-1994989611.html,2025-01-23 19:42:54.490375,political,1
90068f7c-e96c-43e0-9ba4-a19fdb45345d,Путин 23 января проведет совещание с правительством по надзорной деятельности,2025-01-22 00:00:00,https://ria.ru/20250122/putin-1994988547.html,2025-01-23 19:42:54.490375,political,1
d4b46286-2c53-4218-9eea-936c25cad9c2,Почему Латинская Америка оказалась в фокусе внешней политики Трампа,2025-01-23 00:00:00,https://www.rbc.ru/politics/23/01/2025/6792401f9a7947525cc19ce0,2025-01-23 19:43:45.310923,political,0
b9a78b32-8b3f-401d-bb19-39508f6c49df,Трамп решил попросить Саудовскую Аравию и ОПЕК снизить цены на нефть,2025-01-23 00:00:00,https://www.rbc.ru/politics/23/01/2025/67926f2e9a794702e33d3d4c,2025-01-23 19:43:45.310923,political,0
2d3d128d-807d-4eb0-9853-8b8558eb6712,Медведев посетил атакованный ракетами и дронами брянский химзавод,2025-01-23 00:00:00,https://www.rbc.ru/politics/23/01/2025/67926bae9a79476364c60364,2025-01-23 19:43:45.310923,political,-1
05af3d6f-1e0d-4d8d-9380-8af5ae3ebe71,Трамп словами «в процессе» описал усилия по урегулированию на Украине,2025-01-23 00:00:00,https://www.rbc.ru/politics/23/01/2025/67926e989a79472f081d3f47,2025-01-23 19:43:45.310923,political,0
80e6c67f-9524-49d8-a709-911254d7197c,Вице-спикер Думы предложил ввести самозапрет на покупки на маркетплейсах,2025-01-23 00:00:00,https://www.rbc.ru/politics/23/01/2025/679259d19a79479a48fe0b27,2025-01-23 19:43:45.310923,political,0
6e6a94f0-46e0-4e9d-86c6-56a9d6173464,Правительство Эстонии одобрило законопроект о разрыве связей с РПЦ,2025-01-23 00:00:00,https://www.rbc.ru/rbcfreenews/679264f29a7947258c80e035,2025-01-23 19:43:45.310923,political,0
433749dd-503b-45eb-ace0-cd97b05dcd0c,В Кремле не сочли завершением «отмены» номинацию Борисова на «Оскар»,2025-01-23 00:00:00,https://www.rbc.ru/rbcfreenews/679264789a794752924d9b47,2025-01-23 19:43:45.310923,political,0
e72a92df-c841-4eea-808b-ca2d5d6982d2,В Венгрии заявили о невыполнении Украиной требований для вступления в ЕС,2025-01-23 00:00:00,https://www.rbc.ru/rbcfreenews/679260b09a7947ec5d8e966a,2025-01-23 19:43:45.310923,political,0
311568d1-bdf1-4ea6-9bfe-3dc5298e6545,Проблемами жителей курского приграничья займется координационный совет,2025-01-23 00:00:00,https://www.rbc.ru/politics/23/01/2025/679265f79a7947010af836a5,2025-01-23 19:43:45.310923,political,0
201084ba-5d8e-4455-9540-7fa368a5e449,Партия Порошенко заявила о риске «крючка уголовных дел» для военных,2025-01-23 00:00:00,https://www.rbc.ru/rbcfreenews/67925c969a7947b889801b8b,2025-01-23 19:43:45.310923,political,0
d6feb592-026c-4675-917a-52f6e654e877,Раввин рассказал о судьбе уехавших в Израиль в начале спецоперации евреях,2025-01-23 00:00:00,https://www.rbc.ru/rbcfreenews/679256099a7947252d88ef0d,2025-01-23 19:43:45.310923,political,1
8d99ab9d-af68-4a95-b3b2-5d7d7c82efa3,Суд на Украине отменил арест обвиняемого в дезертирстве Сергея Гнездилова,2025-01-23 00:00:00,https://www.rbc.ru/rbcfreenews/679255099a794727c546c5a0,2025-01-23 19:43:45.310923,political,0
5fd65fbb-f19d-4afe-a8f3-0157bb04d626,Минобороны сообщило об отражении контратаки ВСУ в Курской области,2025-01-23 00:00:00,https://www.rbc.ru/rbcfreenews/67924a9c9a794763304318a8,2025-01-23 19:43:45.310923,political,0
8bd214d4-07a7-4c9a-97ef-4c83210a87d6,Путин поручил провести ревизию танкерного флота России,2025-01-23 00:00:00,https://www.rbc.ru/politics/23/01/2025/679251869a7947328fa93180,2025-01-23 19:43:45.310923,political,1
9501b36f-0543-4a4d-9e35-0b93788ec8ff,"Стало известно, ради какого разговора Путин отошел с заседания",2025-01-23 00:00:00,https://www.rbc.ru/rbcfreenews/67924eba9a794711d331d45d,2025-01-23 19:43:45.310923,political,0
58e342d6-1b44-4cf7-addc-61109cd3192d,В Морской коллегии назвали преимущество «москитного флота» при гиперзвуке,2025-01-23 00:00:00,https://www.rbc.ru/rbcfreenews/67923f019a79471179f30946,2025-01-23 19:43:45.310923,political,1
562b9bd1-9bd0-4d89-bbd1-7a27302b98ce,Захарова анонсировала открытие российских посольств в трех странах,2025-01-23 00:00:00,https://www.rbc.ru/politics/23/01/2025/67922ac99a794780f9d62a20,2025-01-23 19:43:45.310923,political,0
bbcc86d4-4fd6-4be1-b594-2bfdaf0112f4,ANSA узнало о планах Трампа вывести из Европы 20 тыс. военных США,2025-01-23 00:00:00,https://www.rbc.ru/politics/23/01/2025/679235fb9a79479d5ac7d3a3,2025-01-23 19:43:45.310923,political,0
73091458-e8aa-4df7-b49a-ce85d5b15a5e,Генсек НАТО обрадовался угрозе новых санкций Трампа против России,2025-01-23 00:00:00,https://www.rbc.ru/rbcfreenews/679239bb9a79472672749196,2025-01-23 19:43:45.310923,political,0
28d3ddf2-7554-42c9-ad99-84cc93e2d35a,Путин отошел с заседания из-за международного разговора,2025-01-23 00:00:00,https://www.rbc.ru/rbcfreenews/67923c419a794722c1ee6c24,2025-01-23 19:43:45.310923,political,0
98a3826a-610c-4ffb-8472-6c0b98b464e7,Трамп заявил о планах снизить корпоративный налог в США до 15%,2025-01-23 00:00:00,https://www.rbc.ru/rbcfreenews/6792786c9a7947cf46922876,2025-01-23 22:21:00.230236,economic,0
b1d2f98b-aa4f-4d91-9673-ec3f58dc1d08,Акции «Распадской» подскочили на 9% на ожиданиях редомициляции «Евраза»,2025-01-23 00:00:00,https://www.rbc.ru/quote/news/article/67927e659a79471c0f430e9c,2025-01-23 22:21:43.924304,economic,1
8715e5db-6a0a-4c1d-b136-accb7f9c1508,Официальный курс доллара США вырос почти на ₽1 и превысил ₽99,2025-01-23 00:00:00,https://www.rbc.ru/quote/news/article/6791d28f9a794746e110837b,2025-01-23 22:21:43.924304,economic,1
8a7e1af8-c9e5-4d76-a186-f875b823e03f,Сбербанк предложил отменить тестирование по облигациям-флоатерам,2025-01-23 00:00:00,https://www.rbc.ru/quote/news/article/679228a19a794739e54eae58,2025-01-23 22:21:43.924304,economic,0
6d0b05e1-0789-479c-a17d-f6a42b3098f9,ФАС назвала публичное заявление о росте цен на авиабилеты недопустимым,2025-01-23 00:00:00,https://ria.ru/20250123/fas-1995223566.html,2025-01-23 22:22:17.227535,economic,0
6b6e9448-9f22-4a01-a22a-c78cf37a5a8a,Цены на нефть перешли к снижению на один процент после заявлений Трампа,2025-01-23 00:00:00,https://ria.ru/20250123/tramp-1995223406.html,2025-01-23 22:22:17.227535,economic,0
66a5f893-0c01-427b-8409-ced91bd17aa1,Экономист Юшков: ОПЕК не выгодно снижать цены на нефть по призыву Трампа,2025-01-23 00:00:00,https://ria.ru/20250123/neft-1995221944.html,2025-01-23 22:22:17.227535,economic,0
55dcd769-1e77-45d0-91eb-a3761538e321,"Медведев заявил, что Брянский химзавод работает над выполнением гособоронзаказа",2025-01-23 00:00:00,https://ria.ru/20250123/medvedev--1995211889.html,2025-01-23 22:22:17.227535,economic,0
10f21f16-88fe-443f-9298-ec75e0bbd3e4,ЦБ Сирии решил заморозить счета связанных с Асадом компаний,2025-01-23 00:00:00,https://www.rbc.ru/rbcfreenews/67928fdf9a794742aeac189d,2025-01-23 22:24:03.616016,political,1
dcd02103-0480-4e20-b609-cee0e5bda560,Суд заблокировал указ Трампа об отмене гражданства по праву рождения,2025-01-23 00:00:00,https://www.rbc.ru/politics/23/01/2025/679292059a79472ec6d72102,2025-01-23 22:24:03.616016,political,1
0a27f640-46e0-4cbe-bb8c-9fa46b4e3967,Армения назвала маловероятной разморозку членства в ОДКБ в 2025 году,2025-01-23 00:00:00,https://www.rbc.ru/politics/23/01/2025/679253649a79473337ce0b73,2025-01-23 22:24:03.616016,political,1
a90f9908-4aa4-4715-81aa-5107fa2bd87c,"Трамп выступил за сокращение ядерных арсеналов России, США и Китая",2025-01-23 00:00:00,https://www.rbc.ru/politics/23/01/2025/679282dc9a7947ac5c981410,2025-01-23 22:24:03.616016,political,0
5aae2969-a738-4fe3-9ece-1e8c0103f878,Politico узнало об обсуждении отправки 50 тыс. миротворцев на Украину,2025-01-23 00:00:00,https://www.rbc.ru/politics/23/01/2025/679281d69a7947ccaa0eaf91,2025-01-23 22:24:03.616016,political,-1
79640568-0082-49e5-996c-64c1121a65f8,«Ъ» узнал о задержании прокурора из-за побегов из зоны военной операции,2025-01-23 00:00:00,https://www.rbc.ru/politics/23/01/2025/67925ff69a79476292c2929c,2025-01-23 22:24:03.616016,political,0
651fbb5d-6342-4bc7-a83a-8b2b1dc8a96d,Трамп вновь заявил о желании встретиться с Путиным,2025-01-23 00:00:00,https://www.rbc.ru/rbcfreenews/679276269a794751ed514a86,2025-01-23 22:24:03.616016,political,0
4374db95-1c33-400d-a272-2795932b1be2,"Трамп рассказал, что обсудил с Си Цзиньпином работу над миром на Украине",2025-01-23 00:00:00,https://www.rbc.ru/politics/23/01/2025/679275809a7947dab43eb1a6,2025-01-23 22:24:03.616016,political,0
e939d357-c4be-4875-a884-d6ae2ad520ad,Трамп лишил охраны экс-госсекретаря Помпео и бывшего советника Хука,2025-01-23 00:00:00,https://www.rbc.ru/rbcfreenews/67926f659a794732c1ac6d75,2025-01-23 22:24:03.616016,political,0
df156e7a-acef-4694-af54-ebc80f69df81,Посольство России сочло несостоятельными слова Лондона об угрозах кабелям,2025-01-23 00:00:00,https://www.rbc.ru/rbcfreenews/67926e799a7947802a50d409,2025-01-23 22:24:03.616016,political,0
c6bb531f-13b0-4fe2-a4b6-fbcc997cc108,В Липецке объявили угрозу атаки дронов,2025-01-23 00:00:00,https://www.rbc.ru/rbcfreenews/67929cb09a7947cf83e4541d,2025-01-23 23:04:04.427967,political,1
a18de44f-a22f-49ae-831b-4f9fba8483ef,Силы ПВО сбили 49 беспилотников над тремя областями и Крымом,2025-01-23 00:00:00,https://www.rbc.ru/politics/23/01/2025/67929bc49a794795d5371d56,2025-01-23 23:04:04.427967,political,0
efdac2ec-445a-41d8-ba8c-fdfa084e7d7d,В Аргентине изучат возможность выхода из договора по климату,2025-01-23 00:00:00,https://www.rbc.ru/rbcfreenews/6792948f9a79473605f910f8,2025-01-23 23:04:04.427967,political,1
